Order ID,Customer,Region,Channel,Amount,Activity,Timestamp,Order Status,Resource
SO-2026-0001,Soylent Foods,Americas,Partner,22040.41,Receive Order,2026-02-02T08:23:45Z,Received,Priya Nair
SO-2026-0002,Globex Stores,Americas,Partner,14742.53,Receive Order,2026-02-02T08:38:36Z,Received,Tom Becker
SO-2026-0003,Initech Ltd,APAC,Web,31763.88,Receive Order,2026-02-02T11:33:27Z,Received,Luis Ortega
SO-2026-0004,Wonka Brands,APAC,Web,20641.27,Receive Order,2026-02-02T11:44:00Z,Received,Priya Nair
SO-2026-0005,Hooli Inc,APAC,Partner,14107.25,Receive Order,2026-02-02T11:52:04Z,Received,Tom Becker
SO-2026-0006,Acme Retail,EMEA,Web,7337.29,Receive Order,2026-02-02T11:57:28Z,Received,Nadia Rahman
SO-2026-0003,Initech Ltd,APAC,Web,6863.34,Run Credit Check,2026-02-02T13:29:27Z,Credit Check,Credit Desk
SO-2026-0007,Wayne Enterprises,APAC,Partner,7479.91,Receive Order,2026-02-02T14:04:05Z,Received,Tom Becker
SO-2026-0008,Initech Ltd,EMEA,Partner,11825.47,Receive Order,2026-02-02T14:40:13Z,Received,Luis Ortega
SO-2026-0009,Globex Stores,EMEA,Partner,36227.41,Receive Order,2026-02-02T14:40:44Z,Received,Luis Ortega
SO-2026-0010,Soylent Foods,APAC,Partner,43218.35,Receive Order,2026-02-02T14:49:07Z,Received,Priya Nair
SO-2026-0011,Acme Retail,Americas,Web,19959.87,Receive Order,2026-02-02T14:50:18Z,Received,Tom Becker
SO-2026-0004,Wonka Brands,APAC,Web,19321.40,Run Credit Check,2026-02-02T16:30:00Z,Credit Check,Credit Desk
SO-2026-0002,Globex Stores,Americas,Partner,1100.76,Run Credit Check,2026-02-02T16:31:36Z,Credit Check,Credit Desk
SO-2026-0006,Acme Retail,EMEA,Web,37254.43,Run Credit Check,2026-02-02T17:54:28Z,Credit Check,Credit Desk
SO-2026-0008,Initech Ltd,EMEA,Partner,1609.12,Run Credit Check,2026-02-02T18:10:13Z,Credit Check,Credit Desk
SO-2026-0009,Globex Stores,EMEA,Partner,26130.50,Run Credit Check,2026-02-02T18:48:44Z,Credit Check,Credit Desk
SO-2026-0005,Hooli Inc,APAC,Partner,43476.71,Run Credit Check,2026-02-02T19:18:04Z,Credit Check,Credit Desk
SO-2026-0007,Wayne Enterprises,APAC,Partner,44926.84,Run Credit Check,2026-02-02T19:25:05Z,Credit Check,Credit Desk
SO-2026-0003,Initech Ltd,APAC,Web,2993.42,Place On Credit Hold,2026-02-02T20:50:27Z,On Credit Hold,Credit Desk
SO-2026-0001,Soylent Foods,Americas,Partner,11730.82,Approve Order,2026-02-02T20:56:45Z,Approved,Order Desk
SO-2026-0010,Soylent Foods,APAC,Partner,15678.35,Run Credit Check,2026-02-02T21:46:07Z,Credit Check,Credit Desk
SO-2026-0011,Acme Retail,Americas,Web,38412.67,Run Credit Check,2026-02-02T22:45:18Z,Credit Check,Credit Desk
SO-2026-0008,Initech Ltd,EMEA,Partner,21032.27,Approve Order,2026-02-03T00:12:13Z,Approved,Order Desk
SO-2026-0009,Globex Stores,EMEA,Partner,34350.54,Place On Credit Hold,2026-02-03T01:15:44Z,On Credit Hold,Credit Desk
SO-2026-0011,Acme Retail,Americas,Web,28586.28,Approve Order,2026-02-03T01:30:18Z,Approved,Order Desk
SO-2026-0004,Wonka Brands,APAC,Web,6873.49,Approve Order,2026-02-03T02:37:00Z,Approved,Order Desk
SO-2026-0006,Acme Retail,EMEA,Web,22436.69,Approve Order,2026-02-03T02:57:28Z,Approved,Order Desk
SO-2026-0010,Soylent Foods,APAC,Partner,28395.99,Approve Order,2026-02-03T03:14:07Z,Approved,Order Desk
SO-2026-0005,Hooli Inc,APAC,Partner,45368.44,Approve Order,2026-02-03T03:25:04Z,Approved,Order Desk
SO-2026-0002,Globex Stores,Americas,Partner,40934.00,Approve Order,2026-02-03T04:43:36Z,Approved,Order Desk
SO-2026-0001,Soylent Foods,Americas,Partner,22133.37,Fulfil Order,2026-02-03T04:52:45Z,Fulfilled,Fulfilment Centre
SO-2026-0007,Wayne Enterprises,APAC,Partner,35002.06,Approve Order,2026-02-03T06:43:05Z,Approved,Order Desk
SO-2026-0012,Initech Ltd,EMEA,Web,1959.07,Receive Order,2026-02-03T08:13:53Z,Received,Nadia Rahman
SO-2026-0001,Soylent Foods,Americas,Partner,26446.92,Invoice Customer,2026-02-03T10:30:45Z,Invoiced,Billing System
SO-2026-0013,Globex Stores,Americas,Web,9794.29,Receive Order,2026-02-03T11:05:14Z,Received,Nadia Rahman
SO-2026-0014,Wayne Enterprises,APAC,Partner,45616.77,Receive Order,2026-02-03T11:13:27Z,Received,Priya Nair
SO-2026-0015,Soylent Foods,EMEA,Partner,5910.96,Receive Order,2026-02-03T12:01:46Z,Received,Nadia Rahman
SO-2026-0016,Soylent Foods,APAC,Partner,18628.86,Receive Order,2026-02-03T12:04:32Z,Received,Nadia Rahman
SO-2026-0017,Soylent Foods,Americas,Partner,14465.56,Receive Order,2026-02-03T13:25:32Z,Received,Luis Ortega
SO-2026-0018,Initech Ltd,EMEA,Partner,27002.34,Receive Order,2026-02-03T13:36:15Z,Received,Nadia Rahman
SO-2026-0012,Initech Ltd,EMEA,Web,33181.10,Run Credit Check,2026-02-03T13:48:53Z,Credit Check,Credit Desk
SO-2026-0019,Hooli Inc,Americas,Direct,41477.01,Receive Order,2026-02-03T14:11:11Z,Received,Nadia Rahman
SO-2026-0020,Vandelay Co,Americas,Partner,3959.75,Receive Order,2026-02-03T14:16:21Z,Received,Luis Ortega
SO-2026-0018,Initech Ltd,EMEA,Partner,1003.97,Run Credit Check,2026-02-03T14:39:15Z,Credit Check,Credit Desk
SO-2026-0015,Soylent Foods,EMEA,Partner,31749.93,Run Credit Check,2026-02-03T15:01:46Z,Credit Check,Credit Desk
SO-2026-0012,Initech Ltd,EMEA,Web,22479.14,Place On Credit Hold,2026-02-03T15:03:53Z,On Credit Hold,Credit Desk
SO-2026-0021,Globex Stores,APAC,Direct,14649.21,Receive Order,2026-02-03T15:15:05Z,Received,Luis Ortega
SO-2026-0009,Globex Stores,EMEA,Partner,10011.41,Release Credit Hold,2026-02-03T15:46:44Z,Approved,Credit Desk
SO-2026-0008,Initech Ltd,EMEA,Partner,747.26,Fulfil Order,2026-02-03T16:07:13Z,Fulfilled,Fulfilment Centre
SO-2026-0022,Globex Stores,APAC,Direct,8778.24,Receive Order,2026-02-03T16:47:27Z,Received,Priya Nair
SO-2026-0020,Vandelay Co,Americas,Partner,17494.94,Run Credit Check,2026-02-03T17:43:21Z,Credit Check,Credit Desk
SO-2026-0014,Wayne Enterprises,APAC,Partner,1741.99,Run Credit Check,2026-02-03T18:16:27Z,Credit Check,Credit Desk
SO-2026-0019,Hooli Inc,Americas,Direct,10829.77,Run Credit Check,2026-02-03T18:45:11Z,Credit Check,Credit Desk
SO-2026-0013,Globex Stores,Americas,Web,34661.59,Run Credit Check,2026-02-03T19:58:14Z,Credit Check,Credit Desk
SO-2026-0016,Soylent Foods,APAC,Partner,19848.67,Run Credit Check,2026-02-03T19:58:32Z,Credit Check,Credit Desk
SO-2026-0022,Globex Stores,APAC,Direct,14208.67,Run Credit Check,2026-02-03T20:03:27Z,Credit Check,Credit Desk
SO-2026-0014,Wayne Enterprises,APAC,Partner,4362.02,Approve Order,2026-02-03T21:15:27Z,Approved,Order Desk
SO-2026-0018,Initech Ltd,EMEA,Partner,6701.50,Approve Order,2026-02-03T21:44:15Z,Approved,Order Desk
SO-2026-0002,Globex Stores,Americas,Partner,7030.26,Fulfil Order,2026-02-03T22:02:36Z,Fulfilled,Fulfilment Centre
SO-2026-0017,Soylent Foods,Americas,Partner,47759.31,Run Credit Check,2026-02-03T22:14:32Z,Credit Check,Credit Desk
SO-2026-0021,Globex Stores,APAC,Direct,9978.39,Run Credit Check,2026-02-03T23:38:05Z,Credit Check,Credit Desk
SO-2026-0020,Vandelay Co,Americas,Partner,7525.88,Place On Credit Hold,2026-02-04T00:12:21Z,On Credit Hold,Credit Desk
SO-2026-0019,Hooli Inc,Americas,Direct,23307.89,Place On Credit Hold,2026-02-04T01:03:11Z,On Credit Hold,Credit Desk
SO-2026-0022,Globex Stores,APAC,Direct,32228.67,Place On Credit Hold,2026-02-04T02:31:27Z,On Credit Hold,Credit Desk
SO-2026-0013,Globex Stores,Americas,Web,16021.83,Cancel Order,2026-02-04T03:08:14Z,Cancelled,Nadia Rahman
SO-2026-0015,Soylent Foods,EMEA,Partner,6749.05,Approve Order,2026-02-04T03:39:46Z,Approved,Order Desk
SO-2026-0011,Acme Retail,Americas,Web,19873.00,Fulfil Order,2026-02-04T04:03:18Z,Fulfilled,Fulfilment Centre
SO-2026-0011,Acme Retail,Americas,Web,2100.43,Invoice Customer,2026-02-04T05:28:18Z,Invoiced,Billing System
SO-2026-0017,Soylent Foods,Americas,Partner,31987.05,Approve Order,2026-02-04T06:47:32Z,Approved,Order Desk
SO-2026-0016,Soylent Foods,APAC,Partner,22914.03,Approve Order,2026-02-04T07:17:32Z,Approved,Order Desk
SO-2026-0023,Initech Ltd,Americas,Partner,37627.85,Receive Order,2026-02-04T08:20:02Z,Received,Priya Nair
SO-2026-0024,Acme Retail,Americas,Partner,38848.03,Receive Order,2026-02-04T08:45:17Z,Received,Nadia Rahman
SO-2026-0025,Hooli Inc,Americas,Direct,26840.92,Receive Order,2026-02-04T09:11:23Z,Received,Tom Becker
SO-2026-0026,Acme Retail,APAC,Direct,27269.56,Receive Order,2026-02-04T09:15:57Z,Received,Luis Ortega
SO-2026-0027,Umbrella Group,APAC,Web,12533.51,Receive Order,2026-02-04T09:26:35Z,Received,Tom Becker
SO-2026-0010,Soylent Foods,APAC,Partner,11812.06,Fulfil Order,2026-02-04T10:23:07Z,Fulfilled,Fulfilment Centre
SO-2026-0021,Globex Stores,APAC,Direct,40701.93,Approve Order,2026-02-04T10:27:05Z,Approved,Order Desk
SO-2026-0008,Initech Ltd,EMEA,Partner,5595.08,Invoice Customer,2026-02-04T11:19:13Z,Invoiced,Billing System
SO-2026-0028,Globex Stores,EMEA,Partner,5049.38,Receive Order,2026-02-04T12:02:35Z,Received,Luis Ortega
SO-2026-0029,Globex Stores,EMEA,Web,40329.23,Receive Order,2026-02-04T12:43:01Z,Received,Luis Ortega
SO-2026-0030,Umbrella Group,Americas,Partner,24456.51,Receive Order,2026-02-04T13:30:33Z,Received,Tom Becker
SO-2026-0022,Globex Stores,APAC,Direct,47238.87,Release Credit Hold,2026-02-04T14:05:27Z,Approved,Credit Desk
SO-2026-0031,Stark Traders,EMEA,Web,44825.97,Receive Order,2026-02-04T14:22:19Z,Received,Luis Ortega
SO-2026-0032,Wonka Brands,EMEA,Web,12670.84,Receive Order,2026-02-04T14:39:12Z,Received,Luis Ortega
SO-2026-0024,Acme Retail,Americas,Partner,21475.24,Run Credit Check,2026-02-04T15:13:17Z,Credit Check,Credit Desk
SO-2026-0027,Umbrella Group,APAC,Web,5538.81,Run Credit Check,2026-02-04T15:27:35Z,Credit Check,Credit Desk
SO-2026-0017,Soylent Foods,Americas,Partner,27569.90,Fulfil Order,2026-02-04T15:37:32Z,Fulfilled,Fulfilment Centre
SO-2026-0029,Globex Stores,EMEA,Web,35788.85,Run Credit Check,2026-02-04T15:51:01Z,Credit Check,Credit Desk
SO-2026-0026,Acme Retail,APAC,Direct,32134.24,Run Credit Check,2026-02-04T16:00:57Z,Credit Check,Credit Desk
SO-2026-0033,Initech Ltd,APAC,Direct,291.84,Receive Order,2026-02-04T16:01:33Z,Received,Luis Ortega
SO-2026-0016,Soylent Foods,APAC,Partner,38691.08,Fulfil Order,2026-02-04T16:04:32Z,Fulfilled,Fulfilment Centre
SO-2026-0034,Hooli Inc,EMEA,Partner,1362.53,Receive Order,2026-02-04T16:14:07Z,Received,Luis Ortega
SO-2026-0035,Globex Stores,EMEA,Partner,1858.30,Receive Order,2026-02-04T16:31:33Z,Received,Tom Becker
SO-2026-0012,Initech Ltd,EMEA,Web,241.97,Release Credit Hold,2026-02-04T16:42:53Z,Approved,Credit Desk
SO-2026-0026,Acme Retail,APAC,Direct,11672.77,Cancel Order,2026-02-04T17:02:57Z,Cancelled,Luis Ortega
SO-2026-0023,Initech Ltd,Americas,Partner,7456.66,Run Credit Check,2026-02-04T17:12:02Z,Credit Check,Credit Desk
SO-2026-0025,Hooli Inc,Americas,Direct,28922.88,Run Credit Check,2026-02-04T17:22:23Z,Credit Check,Credit Desk
SO-2026-0009,Globex Stores,EMEA,Partner,23802.27,Fulfil Order,2026-02-04T17:33:44Z,Fulfilled,Fulfilment Centre
SO-2026-0028,Globex Stores,EMEA,Partner,22478.07,Run Credit Check,2026-02-04T18:08:35Z,Credit Check,Credit Desk
SO-2026-0009,Globex Stores,EMEA,Partner,29810.01,Invoice Customer,2026-02-04T19:03:44Z,Invoiced,Billing System
SO-2026-0016,Soylent Foods,APAC,Partner,6005.06,Invoice Customer,2026-02-04T19:04:32Z,Invoiced,Billing System
SO-2026-0007,Wayne Enterprises,APAC,Partner,5948.26,Fulfil Order,2026-02-04T19:16:05Z,Fulfilled,Fulfilment Centre
SO-2026-0032,Wonka Brands,EMEA,Web,2512.94,Run Credit Check,2026-02-04T19:25:12Z,Credit Check,Credit Desk
SO-2026-0002,Globex Stores,Americas,Partner,17109.37,Invoice Customer,2026-02-04T19:51:36Z,Invoiced,Billing System
SO-2026-0003,Initech Ltd,APAC,Web,41126.46,Release Credit Hold,2026-02-04T19:55:27Z,Approved,Credit Desk
SO-2026-0035,Globex Stores,EMEA,Partner,23708.68,Run Credit Check,2026-02-04T20:08:33Z,Credit Check,Credit Desk
SO-2026-0031,Stark Traders,EMEA,Web,1589.54,Run Credit Check,2026-02-04T22:44:19Z,Credit Check,Credit Desk
SO-2026-0025,Hooli Inc,Americas,Direct,31358.21,Approve Order,2026-02-04T23:19:23Z,Approved,Order Desk
SO-2026-0033,Initech Ltd,APAC,Direct,32801.77,Run Credit Check,2026-02-04T23:33:33Z,Credit Check,Credit Desk
SO-2026-0007,Wayne Enterprises,APAC,Partner,25055.64,Invoice Customer,2026-02-04T23:53:05Z,Invoiced,Billing System
SO-2026-0004,Wonka Brands,APAC,Web,17661.69,Fulfil Order,2026-02-05T00:23:00Z,Fulfilled,Fulfilment Centre
SO-2026-0032,Wonka Brands,EMEA,Web,30209.94,Place On Credit Hold,2026-02-05T00:27:12Z,On Credit Hold,Credit Desk
SO-2026-0010,Soylent Foods,APAC,Partner,39096.63,Invoice Customer,2026-02-05T00:59:07Z,Invoiced,Billing System
SO-2026-0034,Hooli Inc,EMEA,Partner,28065.11,Run Credit Check,2026-02-05T01:00:07Z,Credit Check,Credit Desk
SO-2026-0022,Globex Stores,APAC,Direct,15068.79,Fulfil Order,2026-02-05T01:15:27Z,Fulfilled,Fulfilment Centre
SO-2026-0014,Wayne Enterprises,APAC,Partner,36183.52,Fulfil Order,2026-02-05T01:19:27Z,Fulfilled,Fulfilment Centre
SO-2026-0023,Initech Ltd,Americas,Partner,11381.08,Approve Order,2026-02-05T01:34:02Z,Approved,Order Desk
SO-2026-0033,Initech Ltd,APAC,Direct,29732.48,Place On Credit Hold,2026-02-05T01:44:33Z,On Credit Hold,Credit Desk
SO-2026-0024,Acme Retail,Americas,Partner,14737.93,Approve Order,2026-02-05T01:55:17Z,Approved,Order Desk
SO-2026-0027,Umbrella Group,APAC,Web,45759.28,Approve Order,2026-02-05T02:06:35Z,Approved,Order Desk
SO-2026-0029,Globex Stores,EMEA,Web,8023.37,Place On Credit Hold,2026-02-05T02:23:01Z,On Credit Hold,Credit Desk
SO-2026-0005,Hooli Inc,APAC,Partner,18125.35,Fulfil Order,2026-02-05T03:25:04Z,Fulfilled,Fulfilment Centre
SO-2026-0028,Globex Stores,EMEA,Partner,30396.41,Place On Credit Hold,2026-02-05T05:22:35Z,On Credit Hold,Credit Desk
SO-2026-0031,Stark Traders,EMEA,Web,23751.99,Place On Credit Hold,2026-02-05T05:36:19Z,On Credit Hold,Credit Desk
SO-2026-0019,Hooli Inc,Americas,Direct,32976.44,Release Credit Hold,2026-02-05T06:36:11Z,Approved,Credit Desk
SO-2026-0017,Soylent Foods,Americas,Partner,10498.10,Invoice Customer,2026-02-05T06:45:32Z,Invoiced,Billing System
SO-2026-0035,Globex Stores,EMEA,Partner,12204.75,Place On Credit Hold,2026-02-05T08:08:33Z,On Credit Hold,Credit Desk
SO-2026-0036,Wonka Brands,EMEA,Web,12968.41,Receive Order,2026-02-05T08:21:34Z,Received,Luis Ortega
SO-2026-0037,Initech Ltd,APAC,Partner,37660.65,Receive Order,2026-02-05T08:40:14Z,Received,Tom Becker
SO-2026-0038,Stark Traders,EMEA,Partner,5644.42,Receive Order,2026-02-05T08:59:27Z,Received,Nadia Rahman
SO-2026-0039,Umbrella Group,Americas,Partner,9319.41,Receive Order,2026-02-05T09:07:49Z,Received,Tom Becker
SO-2026-0014,Wayne Enterprises,APAC,Partner,18796.97,Invoice Customer,2026-02-05T10:34:27Z,Invoiced,Billing System
SO-2026-0034,Hooli Inc,EMEA,Partner,25265.46,Cancel Order,2026-02-05T10:42:07Z,Cancelled,Luis Ortega
SO-2026-0040,Stark Traders,Americas,Direct,22969.52,Receive Order,2026-02-05T11:06:56Z,Received,Luis Ortega
SO-2026-0041,Globex Stores,EMEA,Partner,37963.33,Receive Order,2026-02-05T11:50:25Z,Received,Priya Nair
SO-2026-0033,Initech Ltd,APAC,Direct,13551.71,Release Credit Hold,2026-02-05T12:18:33Z,Approved,Credit Desk
SO-2026-0039,Umbrella Group,Americas,Partner,15001.75,Approve Order,2026-02-05T12:30:49Z,Approved,Order Desk
SO-2026-0042,Vandelay Co,Americas,Direct,37683.66,Receive Order,2026-02-05T12:33:44Z,Received,Nadia Rahman
SO-2026-0037,Initech Ltd,APAC,Partner,21149.65,Run Credit Check,2026-02-05T12:39:14Z,Credit Check,Credit Desk
SO-2026-0036,Wonka Brands,EMEA,Web,44350.21,Run Credit Check,2026-02-05T13:07:34Z,Credit Check,Credit Desk
SO-2026-0005,Hooli Inc,APAC,Partner,1285.26,Invoice Customer,2026-02-05T13:20:04Z,Invoiced,Billing System
SO-2026-0043,Stark Traders,EMEA,Direct,14362.31,Receive Order,2026-02-05T13:27:16Z,Received,Luis Ortega
SO-2026-0037,Initech Ltd,APAC,Partner,21022.79,Approve Order,2026-02-05T14:39:14Z,Approved,Order Desk
SO-2026-0044,Vandelay Co,APAC,Web,14342.29,Receive Order,2026-02-05T15:14:43Z,Received,Tom Becker
SO-2026-0041,Globex Stores,EMEA,Partner,24202.28,Run Credit Check,2026-02-05T15:48:25Z,Credit Check,Credit Desk
SO-2026-0038,Stark Traders,EMEA,Partner,15150.14,Run Credit Check,2026-02-05T16:50:27Z,Credit Check,Credit Desk
SO-2026-0040,Stark Traders,Americas,Direct,44510.45,Run Credit Check,2026-02-05T17:58:56Z,Credit Check,Credit Desk
SO-2026-0021,Globex Stores,APAC,Direct,14800.03,Fulfil Order,2026-02-05T18:55:05Z,Fulfilled,Fulfilment Centre
SO-2026-0043,Stark Traders,EMEA,Direct,39601.97,Run Credit Check,2026-02-05T19:19:16Z,Credit Check,Credit Desk
SO-2026-0041,Globex Stores,EMEA,Partner,11663.79,Place On Credit Hold,2026-02-05T19:36:25Z,On Credit Hold,Credit Desk
SO-2026-0042,Vandelay Co,Americas,Direct,32879.96,Run Credit Check,2026-02-05T20:30:44Z,Credit Check,Credit Desk
SO-2026-0003,Initech Ltd,APAC,Web,27204.28,Fulfil Order,2026-02-05T20:41:27Z,Fulfilled,Fulfilment Centre
SO-2026-0020,Vandelay Co,Americas,Partner,29137.46,Ship Goods,2026-02-05T20:50:21Z,Fulfilled,Fulfilment Centre
SO-2026-0022,Globex Stores,APAC,Direct,32508.26,Invoice Customer,2026-02-05T21:32:27Z,Invoiced,Billing System
SO-2026-0038,Stark Traders,EMEA,Partner,42812.86,Approve Order,2026-02-05T23:21:27Z,Approved,Order Desk
SO-2026-0024,Acme Retail,Americas,Partner,45517.96,Fulfil Order,2026-02-05T23:30:17Z,Fulfilled,Fulfilment Centre
SO-2026-0007,Wayne Enterprises,APAC,Partner,11440.94,Raise Dispute,2026-02-05T23:41:05Z,Disputed,Tom Becker
SO-2026-0006,Acme Retail,EMEA,Web,33658.12,Fulfil Order,2026-02-05T23:46:28Z,Fulfilled,Fulfilment Centre
SO-2026-0044,Vandelay Co,APAC,Web,9493.70,Run Credit Check,2026-02-05T23:51:43Z,Credit Check,Credit Desk
SO-2026-0043,Stark Traders,EMEA,Direct,22997.21,Approve Order,2026-02-05T23:55:16Z,Approved,Order Desk
SO-2026-0004,Wonka Brands,APAC,Web,21507.28,Invoice Customer,2026-02-06T00:25:00Z,Invoiced,Billing System
SO-2026-0003,Initech Ltd,APAC,Web,7748.79,Invoice Customer,2026-02-06T00:43:27Z,Invoiced,Billing System
SO-2026-0040,Stark Traders,Americas,Direct,36564.54,Approve Order,2026-02-06T01:07:56Z,Approved,Order Desk
SO-2026-0021,Globex Stores,APAC,Direct,8299.17,Invoice Customer,2026-02-06T01:12:05Z,Invoiced,Billing System
SO-2026-0036,Wonka Brands,EMEA,Web,38211.93,Approve Order,2026-02-06T01:42:34Z,Approved,Order Desk
SO-2026-0042,Vandelay Co,Americas,Direct,33216.41,Approve Order,2026-02-06T03:36:44Z,Approved,Order Desk
SO-2026-0030,Umbrella Group,Americas,Partner,20196.02,Ship Goods,2026-02-06T05:01:33Z,Fulfilled,Fulfilment Centre
SO-2026-0044,Vandelay Co,APAC,Web,36709.29,Approve Order,2026-02-06T05:03:43Z,Approved,Order Desk
SO-2026-0041,Globex Stores,EMEA,Partner,32340.23,Ship Goods,2026-02-06T06:28:25Z,Fulfilled,Fulfilment Centre
SO-2026-0045,Globex Stores,EMEA,Web,38650.50,Receive Order,2026-02-06T08:55:25Z,Received,Priya Nair
SO-2026-0030,Umbrella Group,Americas,Partner,38547.99,Invoice Customer,2026-02-06T09:15:33Z,Invoiced,Billing System
SO-2026-0024,Acme Retail,Americas,Partner,41391.59,Invoice Customer,2026-02-06T09:38:17Z,Invoiced,Billing System
SO-2026-0032,Wonka Brands,EMEA,Web,28705.36,Release Credit Hold,2026-02-06T09:58:12Z,Approved,Credit Desk
SO-2026-0046,Hooli Inc,EMEA,Web,1364.11,Receive Order,2026-02-06T10:10:33Z,Received,Tom Becker
SO-2026-0019,Hooli Inc,Americas,Direct,19544.59,Fulfil Order,2026-02-06T10:37:11Z,Fulfilled,Fulfilment Centre
SO-2026-0023,Initech Ltd,Americas,Partner,47411.50,Fulfil Order,2026-02-06T10:46:02Z,Fulfilled,Fulfilment Centre
SO-2026-0037,Initech Ltd,APAC,Partner,46445.73,Fulfil Order,2026-02-06T11:06:14Z,Fulfilled,Fulfilment Centre
SO-2026-0047,Acme Retail,EMEA,Direct,22310.81,Receive Order,2026-02-06T11:08:39Z,Received,Priya Nair
SO-2026-0035,Globex Stores,EMEA,Partner,940.71,Release Credit Hold,2026-02-06T11:28:33Z,Approved,Credit Desk
SO-2026-0019,Hooli Inc,Americas,Direct,26733.97,Invoice Customer,2026-02-06T12:15:11Z,Invoiced,Billing System
SO-2026-0048,Globex Stores,Americas,Partner,43692.60,Receive Order,2026-02-06T12:52:44Z,Received,Tom Becker
SO-2026-0049,Acme Retail,APAC,Direct,42054.91,Receive Order,2026-02-06T13:05:35Z,Received,Luis Ortega
SO-2026-0046,Hooli Inc,EMEA,Web,13040.55,Run Credit Check,2026-02-06T13:41:33Z,Credit Check,Credit Desk
SO-2026-0006,Acme Retail,EMEA,Web,3829.93,Invoice Customer,2026-02-06T13:47:28Z,Invoiced,Billing System
SO-2026-0039,Umbrella Group,Americas,Partner,40020.30,Fulfil Order,2026-02-06T14:29:49Z,Fulfilled,Fulfilment Centre
SO-2026-0048,Globex Stores,Americas,Partner,28069.15,Run Credit Check,2026-02-06T14:57:44Z,Credit Check,Credit Desk
SO-2026-0008,Initech Ltd,EMEA,Partner,29213.61,Receive Payment,2026-02-06T15:23:13Z,Paid,Billing System
SO-2026-0050,Wonka Brands,Americas,Partner,24010.31,Receive Order,2026-02-06T15:30:10Z,Received,Priya Nair
SO-2026-0051,Umbrella Group,Americas,Web,1320.46,Receive Order,2026-02-06T15:43:38Z,Received,Nadia Rahman
SO-2026-0052,Wayne Enterprises,EMEA,Web,40324.27,Receive Order,2026-02-06T16:02:31Z,Received,Priya Nair
SO-2026-0045,Globex Stores,EMEA,Web,17362.15,Run Credit Check,2026-02-06T16:09:25Z,Credit Check,Credit Desk
SO-2026-0044,Vandelay Co,APAC,Web,6396.42,Fulfil Order,2026-02-06T16:27:43Z,Fulfilled,Fulfilment Centre
SO-2026-0031,Stark Traders,EMEA,Web,24993.27,Ship Goods,2026-02-06T16:42:19Z,Fulfilled,Fulfilment Centre
SO-2026-0042,Vandelay Co,Americas,Direct,24659.70,Fulfil Order,2026-02-06T17:24:44Z,Fulfilled,Fulfilment Centre
SO-2026-0025,Hooli Inc,Americas,Direct,47743.41,Fulfil Order,2026-02-06T17:46:23Z,Fulfilled,Fulfilment Centre
SO-2026-0028,Globex Stores,EMEA,Partner,45267.13,Release Credit Hold,2026-02-06T18:29:35Z,Approved,Credit Desk
SO-2026-0029,Globex Stores,EMEA,Web,16574.80,Release Credit Hold,2026-02-06T18:59:01Z,Approved,Credit Desk
SO-2026-0048,Globex Stores,Americas,Partner,37049.84,Place On Credit Hold,2026-02-06T19:12:44Z,On Credit Hold,Credit Desk
SO-2026-0047,Acme Retail,EMEA,Direct,24625.27,Run Credit Check,2026-02-06T19:23:39Z,Credit Check,Credit Desk
SO-2026-0025,Hooli Inc,Americas,Direct,33236.27,Invoice Customer,2026-02-06T19:28:23Z,Invoiced,Billing System
SO-2026-0023,Initech Ltd,Americas,Partner,15601.08,Invoice Customer,2026-02-06T19:57:02Z,Invoiced,Billing System
SO-2026-0020,Vandelay Co,Americas,Partner,45857.39,Invoice Customer,2026-02-06T20:35:21Z,Invoiced,Billing System
SO-2026-0049,Acme Retail,APAC,Direct,18786.12,Run Credit Check,2026-02-06T20:48:35Z,Credit Check,Credit Desk
SO-2026-0051,Umbrella Group,Americas,Web,22984.98,Run Credit Check,2026-02-06T20:49:38Z,Credit Check,Credit Desk
SO-2026-0046,Hooli Inc,EMEA,Web,22488.05,Approve Order,2026-02-06T21:25:33Z,Approved,Order Desk
SO-2026-0041,Globex Stores,EMEA,Partner,29219.96,Invoice Customer,2026-02-06T22:56:25Z,Invoiced,Billing System
SO-2026-0051,Umbrella Group,Americas,Web,9935.90,Approve Order,2026-02-06T23:29:38Z,Approved,Order Desk
SO-2026-0049,Acme Retail,APAC,Direct,36198.08,Approve Order,2026-02-06T23:40:35Z,Approved,Order Desk
SO-2026-0052,Wayne Enterprises,EMEA,Web,3630.24,Run Credit Check,2026-02-06T23:41:31Z,Credit Check,Credit Desk
SO-2026-0045,Globex Stores,EMEA,Web,20989.78,Approve Order,2026-02-07T00:30:25Z,Approved,Order Desk
SO-2026-0012,Initech Ltd,EMEA,Web,37511.12,Fulfil Order,2026-02-07T00:35:53Z,Fulfilled,Fulfilment Centre
SO-2026-0050,Wonka Brands,Americas,Partner,43598.46,Approve Order,2026-02-07T01:17:10Z,Approved,Order Desk
SO-2026-0037,Initech Ltd,APAC,Partner,32440.32,Invoice Customer,2026-02-07T01:42:14Z,Invoiced,Billing System
SO-2026-0027,Umbrella Group,APAC,Web,30656.55,Fulfil Order,2026-02-07T03:00:35Z,Fulfilled,Fulfilment Centre
SO-2026-0033,Initech Ltd,APAC,Direct,11875.08,Fulfil Order,2026-02-07T03:37:33Z,Fulfilled,Fulfilment Centre
SO-2026-0018,Initech Ltd,EMEA,Partner,26072.04,Fulfil Order,2026-02-07T03:59:15Z,Fulfilled,Fulfilment Centre
SO-2026-0047,Acme Retail,EMEA,Direct,36677.27,Approve Order,2026-02-07T06:29:39Z,Approved,Order Desk
SO-2026-0031,Stark Traders,EMEA,Web,10950.13,Invoice Customer,2026-02-07T06:56:19Z,Invoiced,Billing System
SO-2026-0028,Globex Stores,EMEA,Partner,46606.22,Fulfil Order,2026-02-07T07:49:35Z,Fulfilled,Fulfilment Centre
SO-2026-0052,Wayne Enterprises,EMEA,Web,45632.65,Approve Order,2026-02-07T10:50:31Z,Approved,Order Desk
SO-2026-0002,Globex Stores,Americas,Partner,13777.77,Receive Payment,2026-02-07T11:42:36Z,Paid,Billing System
SO-2026-0015,Soylent Foods,EMEA,Partner,22815.93,Fulfil Order,2026-02-07T12:00:46Z,Fulfilled,Fulfilment Centre
SO-2026-0018,Initech Ltd,EMEA,Partner,44329.15,Invoice Customer,2026-02-07T12:13:15Z,Invoiced,Billing System
SO-2026-0033,Initech Ltd,APAC,Direct,23736.94,Invoice Customer,2026-02-07T12:25:33Z,Invoiced,Billing System
SO-2026-0039,Umbrella Group,Americas,Partner,47711.15,Invoice Customer,2026-02-07T13:10:49Z,Invoiced,Billing System
SO-2026-0029,Globex Stores,EMEA,Web,5720.35,Fulfil Order,2026-02-07T13:23:01Z,Fulfilled,Fulfilment Centre
SO-2026-0048,Globex Stores,Americas,Partner,14833.13,Cancel Order,2026-02-07T14:01:44Z,Cancelled,Tom Becker
SO-2026-0044,Vandelay Co,APAC,Web,14118.90,Invoice Customer,2026-02-07T14:13:43Z,Invoiced,Billing System
SO-2026-0012,Initech Ltd,EMEA,Web,39313.92,Invoice Customer,2026-02-07T14:28:53Z,Invoiced,Billing System
SO-2026-0038,Stark Traders,EMEA,Partner,26482.88,Fulfil Order,2026-02-07T15:53:27Z,Fulfilled,Fulfilment Centre
SO-2026-0042,Vandelay Co,Americas,Direct,4969.11,Invoice Customer,2026-02-07T17:19:44Z,Invoiced,Billing System
SO-2026-0040,Stark Traders,Americas,Direct,14667.64,Fulfil Order,2026-02-07T18:52:56Z,Fulfilled,Fulfilment Centre
SO-2026-0049,Acme Retail,APAC,Direct,27442.05,Fulfil Order,2026-02-07T21:29:35Z,Fulfilled,Fulfilment Centre
SO-2026-0027,Umbrella Group,APAC,Web,24588.26,Invoice Customer,2026-02-07T22:33:35Z,Invoiced,Billing System
SO-2026-0029,Globex Stores,EMEA,Web,23391.37,Invoice Customer,2026-02-07T22:41:01Z,Invoiced,Billing System
SO-2026-0040,Stark Traders,Americas,Direct,41818.00,Invoice Customer,2026-02-07T23:00:56Z,Invoiced,Billing System
SO-2026-0028,Globex Stores,EMEA,Partner,649.10,Invoice Customer,2026-02-08T00:54:35Z,Invoiced,Billing System
SO-2026-0038,Stark Traders,EMEA,Partner,34528.96,Invoice Customer,2026-02-08T02:40:27Z,Invoiced,Billing System
SO-2026-0051,Umbrella Group,Americas,Web,35152.01,Fulfil Order,2026-02-08T03:15:38Z,Fulfilled,Fulfilment Centre
SO-2026-0004,Wonka Brands,APAC,Web,2984.28,Receive Payment,2026-02-08T05:22:00Z,Paid,Billing System
SO-2026-0015,Soylent Foods,EMEA,Partner,42342.88,Invoice Customer,2026-02-08T08:21:46Z,Invoiced,Billing System
SO-2026-0047,Acme Retail,EMEA,Direct,29288.64,Fulfil Order,2026-02-08T08:27:39Z,Fulfilled,Fulfilment Centre
SO-2026-0049,Acme Retail,APAC,Direct,8426.28,Invoice Customer,2026-02-08T12:29:35Z,Invoiced,Billing System
SO-2026-0047,Acme Retail,EMEA,Direct,581.54,Invoice Customer,2026-02-08T16:02:39Z,Invoiced,Billing System
SO-2026-0050,Wonka Brands,Americas,Partner,14313.23,Fulfil Order,2026-02-08T16:17:10Z,Fulfilled,Fulfilment Centre
SO-2026-0051,Umbrella Group,Americas,Web,8746.13,Invoice Customer,2026-02-08T20:11:38Z,Invoiced,Billing System
SO-2026-0007,Wayne Enterprises,APAC,Partner,30077.36,Resolve Dispute,2026-02-08T20:24:05Z,Invoiced,Billing System
SO-2026-0050,Wonka Brands,Americas,Partner,39052.79,Invoice Customer,2026-02-08T20:25:10Z,Invoiced,Billing System
SO-2026-0046,Hooli Inc,EMEA,Web,20802.80,Fulfil Order,2026-02-08T22:00:33Z,Fulfilled,Fulfilment Centre
SO-2026-0030,Umbrella Group,Americas,Partner,47001.53,Receive Payment,2026-02-09T00:14:33Z,Paid,Billing System
SO-2026-0053,Stark Traders,APAC,Web,1588.02,Receive Order,2026-02-09T08:50:01Z,Received,Tom Becker
SO-2026-0054,Initech Ltd,Americas,Direct,32026.04,Receive Order,2026-02-09T09:24:19Z,Received,Tom Becker
SO-2026-0055,Acme Retail,Americas,Partner,34357.74,Receive Order,2026-02-09T09:35:24Z,Received,Nadia Rahman
SO-2026-0055,Acme Retail,Americas,Partner,23903.75,Run Credit Check,2026-02-09T11:23:24Z,Credit Check,Credit Desk
SO-2026-0056,Hooli Inc,EMEA,Partner,34582.81,Receive Order,2026-02-09T12:06:22Z,Received,Nadia Rahman
SO-2026-0057,Wayne Enterprises,EMEA,Partner,13405.57,Receive Order,2026-02-09T12:35:52Z,Received,Luis Ortega
SO-2026-0035,Globex Stores,EMEA,Partner,15952.64,Fulfil Order,2026-02-09T12:45:33Z,Fulfilled,Fulfilment Centre
SO-2026-0058,Stark Traders,APAC,Partner,36569.20,Receive Order,2026-02-09T12:57:01Z,Received,Priya Nair
SO-2026-0059,Wayne Enterprises,Americas,Direct,26173.88,Receive Order,2026-02-09T13:08:23Z,Received,Tom Becker
SO-2026-0060,Wonka Brands,APAC,Partner,46278.96,Receive Order,2026-02-09T13:24:24Z,Received,Priya Nair
SO-2026-0043,Stark Traders,EMEA,Direct,46635.21,Fulfil Order,2026-02-09T13:33:16Z,Fulfilled,Fulfilment Centre
SO-2026-0053,Stark Traders,APAC,Web,17811.04,Run Credit Check,2026-02-09T14:19:01Z,Credit Check,Credit Desk
SO-2026-0060,Wonka Brands,APAC,Partner,30559.50,Run Credit Check,2026-02-09T14:30:24Z,Credit Check,Credit Desk
SO-2026-0054,Initech Ltd,Americas,Direct,4639.93,Run Credit Check,2026-02-09T14:43:19Z,Credit Check,Credit Desk
SO-2026-0061,Umbrella Group,EMEA,Partner,6651.94,Receive Order,2026-02-09T15:01:47Z,Received,Priya Nair
SO-2026-0062,Wonka Brands,APAC,Direct,46318.26,Receive Order,2026-02-09T15:09:31Z,Received,Tom Becker
SO-2026-0035,Globex Stores,EMEA,Partner,36315.74,Invoice Customer,2026-02-09T15:39:33Z,Invoiced,Billing System
SO-2026-0052,Wayne Enterprises,EMEA,Web,19551.44,Fulfil Order,2026-02-09T16:21:31Z,Fulfilled,Fulfilment Centre
SO-2026-0055,Acme Retail,Americas,Partner,26964.70,Approve Order,2026-02-09T16:47:24Z,Approved,Order Desk
SO-2026-0046,Hooli Inc,EMEA,Web,16594.19,Invoice Customer,2026-02-09T18:07:33Z,Invoiced,Billing System
SO-2026-0045,Globex Stores,EMEA,Web,34514.24,Fulfil Order,2026-02-09T18:20:25Z,Fulfilled,Fulfilment Centre
SO-2026-0057,Wayne Enterprises,EMEA,Partner,6047.52,Run Credit Check,2026-02-09T19:25:52Z,Credit Check,Credit Desk
SO-2026-0059,Wayne Enterprises,Americas,Direct,13861.88,Run Credit Check,2026-02-09T19:28:23Z,Credit Check,Credit Desk
SO-2026-0003,Initech Ltd,APAC,Web,40586.87,Receive Payment,2026-02-09T20:03:27Z,Paid,Billing System
SO-2026-0033,Initech Ltd,APAC,Direct,10212.37,Receive Payment,2026-02-09T20:04:33Z,Paid,Billing System
SO-2026-0054,Initech Ltd,Americas,Direct,11094.27,Approve Order,2026-02-09T20:37:19Z,Approved,Order Desk
SO-2026-0059,Wayne Enterprises,Americas,Direct,23726.16,Approve Order,2026-02-09T20:37:23Z,Approved,Order Desk
SO-2026-0027,Umbrella Group,APAC,Web,7837.66,Receive Payment,2026-02-09T20:52:35Z,Paid,Billing System
SO-2026-0062,Wonka Brands,APAC,Direct,11053.02,Run Credit Check,2026-02-09T21:31:31Z,Credit Check,Credit Desk
SO-2026-0058,Stark Traders,APAC,Partner,14021.38,Run Credit Check,2026-02-09T21:49:01Z,Credit Check,Credit Desk
SO-2026-0053,Stark Traders,APAC,Web,25303.21,Approve Order,2026-02-09T22:22:01Z,Approved,Order Desk
SO-2026-0062,Wonka Brands,APAC,Direct,29712.11,Approve Order,2026-02-09T22:37:31Z,Approved,Order Desk
SO-2026-0057,Wayne Enterprises,EMEA,Partner,31725.02,Place On Credit Hold,2026-02-09T23:24:52Z,On Credit Hold,Credit Desk
SO-2026-0036,Wonka Brands,EMEA,Web,947.85,Fulfil Order,2026-02-10T01:23:34Z,Fulfilled,Fulfilment Centre
SO-2026-0045,Globex Stores,EMEA,Web,42601.99,Invoice Customer,2026-02-10T03:55:25Z,Invoiced,Billing System
SO-2026-0015,Soylent Foods,EMEA,Partner,12923.18,Raise Dispute,2026-02-10T06:08:46Z,Disputed,Nadia Rahman
SO-2026-0061,Umbrella Group,EMEA,Partner,2989.50,Ship Goods,2026-02-10T06:34:47Z,Fulfilled,Fulfilment Centre
SO-2026-0063,Umbrella Group,EMEA,Partner,27183.30,Receive Order,2026-02-10T08:12:07Z,Received,Luis Ortega
SO-2026-0064,Wayne Enterprises,Americas,Partner,34760.15,Receive Order,2026-02-10T08:37:45Z,Received,Nadia Rahman
SO-2026-0065,Wayne Enterprises,EMEA,Web,16303.59,Receive Order,2026-02-10T08:40:32Z,Received,Luis Ortega
SO-2026-0060,Wonka Brands,APAC,Partner,8174.24,Cancel Order,2026-02-10T09:05:24Z,Cancelled,Priya Nair
SO-2026-0043,Stark Traders,EMEA,Direct,19321.35,Invoice Customer,2026-02-10T09:16:16Z,Invoiced,Billing System
SO-2026-0032,Wonka Brands,EMEA,Web,13574.18,Fulfil Order,2026-02-10T09:36:12Z,Fulfilled,Fulfilment Centre
SO-2026-0066,Soylent Foods,Americas,Web,21529.77,Receive Order,2026-02-10T10:48:19Z,Received,Nadia Rahman
SO-2026-0067,Umbrella Group,EMEA,Direct,32920.17,Receive Order,2026-02-10T11:03:31Z,Received,Luis Ortega
SO-2026-0005,Hooli Inc,APAC,Partner,10218.01,Receive Payment,2026-02-10T11:19:04Z,Paid,Billing System
SO-2026-0068,Umbrella Group,EMEA,Partner,42497.12,Receive Order,2026-02-10T11:26:46Z,Received,Luis Ortega
SO-2026-0069,Wonka Brands,EMEA,Web,3646.62,Receive Order,2026-02-10T11:32:04Z,Received,Tom Becker
SO-2026-0070,Vandelay Co,APAC,Web,30361.42,Receive Order,2026-02-10T11:46:27Z,Received,Tom Becker
SO-2026-0064,Wayne Enterprises,Americas,Partner,44640.96,Run Credit Check,2026-02-10T11:51:45Z,Credit Check,Credit Desk
SO-2026-0071,Vandelay Co,Americas,Web,44456.99,Receive Order,2026-02-10T12:39:56Z,Received,Priya Nair
SO-2026-0072,Hooli Inc,EMEA,Web,36968.71,Receive Order,2026-02-10T13:27:11Z,Received,Tom Becker
SO-2026-0062,Wonka Brands,APAC,Direct,2392.84,Fulfil Order,2026-02-10T13:44:31Z,Fulfilled,Fulfilment Centre
SO-2026-0070,Vandelay Co,APAC,Web,8252.08,Approve Order,2026-02-10T13:48:27Z,Approved,Order Desk
SO-2026-0073,Soylent Foods,APAC,Direct,13966.30,Receive Order,2026-02-10T13:51:57Z,Received,Priya Nair
SO-2026-0052,Wayne Enterprises,EMEA,Web,13527.48,Invoice Customer,2026-02-10T14:13:31Z,Invoiced,Billing System
SO-2026-0066,Soylent Foods,Americas,Web,47166.25,Run Credit Check,2026-02-10T14:19:19Z,Credit Check,Credit Desk
SO-2026-0063,Umbrella Group,EMEA,Partner,7569.74,Run Credit Check,2026-02-10T14:27:07Z,Credit Check,Credit Desk
SO-2026-0074,Soylent Foods,APAC,Direct,8666.15,Receive Order,2026-02-10T14:33:18Z,Received,Nadia Rahman
SO-2026-0059,Wayne Enterprises,Americas,Direct,46938.81,Fulfil Order,2026-02-10T14:49:23Z,Fulfilled,Fulfilment Centre
SO-2026-0065,Wayne Enterprises,EMEA,Web,26392.15,Run Credit Check,2026-02-10T15:45:32Z,Credit Check,Credit Desk
SO-2026-0075,Initech Ltd,Americas,Partner,29953.14,Receive Order,2026-02-10T15:47:26Z,Received,Nadia Rahman
SO-2026-0073,Soylent Foods,APAC,Direct,5433.42,Run Credit Check,2026-02-10T16:30:57Z,Credit Check,Credit Desk
SO-2026-0068,Umbrella Group,EMEA,Partner,3727.28,Run Credit Check,2026-02-10T17:25:46Z,Credit Check,Credit Desk
SO-2026-0069,Wonka Brands,EMEA,Web,18571.45,Run Credit Check,2026-02-10T17:55:04Z,Credit Check,Credit Desk
SO-2026-0062,Wonka Brands,APAC,Direct,15355.94,Invoice Customer,2026-02-10T18:57:31Z,Invoiced,Billing System
SO-2026-0067,Umbrella Group,EMEA,Direct,31801.26,Run Credit Check,2026-02-10T19:26:31Z,Credit Check,Credit Desk
SO-2026-0059,Wayne Enterprises,Americas,Direct,6835.24,Invoice Customer,2026-02-10T19:27:23Z,Invoiced,Billing System
SO-2026-0065,Wayne Enterprises,EMEA,Web,13965.44,Approve Order,2026-02-10T20:25:32Z,Approved,Order Desk
SO-2026-0014,Wayne Enterprises,APAC,Partner,16104.82,Receive Payment,2026-02-10T20:27:27Z,Paid,Billing System
SO-2026-0063,Umbrella Group,EMEA,Partner,42215.13,Approve Order,2026-02-10T20:30:07Z,Approved,Order Desk
SO-2026-0075,Initech Ltd,Americas,Partner,41998.34,Run Credit Check,2026-02-10T20:35:26Z,Credit Check,Credit Desk
SO-2026-0036,Wonka Brands,EMEA,Web,30780.16,Invoice Customer,2026-02-10T20:37:34Z,Invoiced,Billing System
SO-2026-0071,Vandelay Co,Americas,Web,33282.92,Run Credit Check,2026-02-10T21:02:56Z,Credit Check,Credit Desk
SO-2026-0074,Soylent Foods,APAC,Direct,15161.41,Run Credit Check,2026-02-10T21:16:18Z,Credit Check,Credit Desk
SO-2026-0064,Wayne Enterprises,Americas,Partner,41814.67,Approve Order,2026-02-10T21:18:45Z,Approved,Order Desk
SO-2026-0072,Hooli Inc,EMEA,Web,37105.37,Run Credit Check,2026-02-10T22:01:11Z,Credit Check,Credit Desk
SO-2026-0066,Soylent Foods,Americas,Web,32684.64,Approve Order,2026-02-10T22:04:19Z,Approved,Order Desk
SO-2026-0058,Stark Traders,APAC,Partner,18365.95,Cancel Order,2026-02-10T22:33:01Z,Cancelled,Priya Nair
SO-2026-0061,Umbrella Group,EMEA,Partner,37006.58,Invoice Customer,2026-02-10T22:37:47Z,Invoiced,Billing System
SO-2026-0069,Wonka Brands,EMEA,Web,28160.07,Approve Order,2026-02-10T23:15:04Z,Approved,Order Desk
SO-2026-0073,Soylent Foods,APAC,Direct,19565.77,Approve Order,2026-02-10T23:27:57Z,Approved,Order Desk
SO-2026-0023,Initech Ltd,Americas,Partner,13020.94,Receive Payment,2026-02-10T23:29:02Z,Paid,Billing System
SO-2026-0010,Soylent Foods,APAC,Partner,33775.45,Receive Payment,2026-02-10T23:43:07Z,Paid,Billing System
SO-2026-0053,Stark Traders,APAC,Web,27022.32,Fulfil Order,2026-02-10T23:44:01Z,Fulfilled,Fulfilment Centre
SO-2026-0072,Hooli Inc,EMEA,Web,5216.67,Approve Order,2026-02-11T03:05:11Z,Approved,Order Desk
SO-2026-0068,Umbrella Group,EMEA,Partner,42694.29,Place On Credit Hold,2026-02-11T03:58:46Z,On Credit Hold,Credit Desk
SO-2026-0032,Wonka Brands,EMEA,Web,7547.18,Invoice Customer,2026-02-11T05:23:12Z,Invoiced,Billing System
SO-2026-0040,Stark Traders,Americas,Direct,43562.81,Receive Payment,2026-02-11T05:38:56Z,Paid,Billing System
SO-2026-0074,Soylent Foods,APAC,Direct,23536.59,Place On Credit Hold,2026-02-11T06:56:18Z,On Credit Hold,Credit Desk
SO-2026-0067,Umbrella Group,EMEA,Direct,16061.15,Approve Order,2026-02-11T07:20:31Z,Approved,Order Desk
SO-2026-0055,Acme Retail,Americas,Partner,42441.81,Fulfil Order,2026-02-11T07:24:24Z,Fulfilled,Fulfilment Centre
SO-2026-0041,Globex Stores,EMEA,Partner,28910.20,Receive Payment,2026-02-11T07:27:25Z,Paid,Billing System
SO-2026-0068,Umbrella Group,EMEA,Partner,26129.62,Cancel Order,2026-02-11T07:40:46Z,Cancelled,Luis Ortega
SO-2026-0076,Globex Stores,EMEA,Web,23018.86,Receive Order,2026-02-11T08:01:05Z,Received,Tom Becker
SO-2026-0077,Acme Retail,APAC,Web,45151.25,Receive Order,2026-02-11T08:15:05Z,Received,Luis Ortega
SO-2026-0071,Vandelay Co,Americas,Web,27414.75,Approve Order,2026-02-11T09:02:56Z,Approved,Order Desk
SO-2026-0076,Globex Stores,EMEA,Web,39664.98,Run Credit Check,2026-02-11T09:15:05Z,Credit Check,Credit Desk
SO-2026-0075,Initech Ltd,Americas,Partner,44018.30,Approve Order,2026-02-11T09:24:26Z,Approved,Order Desk
SO-2026-0055,Acme Retail,Americas,Partner,26316.21,Invoice Customer,2026-02-11T09:39:24Z,Invoiced,Billing System
SO-2026-0078,Acme Retail,APAC,Web,19907.59,Receive Order,2026-02-11T09:54:21Z,Received,Tom Becker
SO-2026-0079,Wonka Brands,APAC,Web,31186.22,Receive Order,2026-02-11T11:48:35Z,Received,Priya Nair
SO-2026-0080,Acme Retail,Americas,Web,46783.13,Receive Order,2026-02-11T12:08:49Z,Received,Luis Ortega
SO-2026-0081,Acme Retail,APAC,Direct,18258.02,Receive Order,2026-02-11T12:16:03Z,Received,Luis Ortega
SO-2026-0017,Soylent Foods,Americas,Partner,11817.06,Receive Payment,2026-02-11T12:28:32Z,Paid,Billing System
SO-2026-0082,Vandelay Co,Americas,Direct,15225.58,Receive Order,2026-02-11T12:31:27Z,Received,Nadia Rahman
SO-2026-0083,Hooli Inc,EMEA,Partner,43911.24,Receive Order,2026-02-11T12:38:25Z,Received,Priya Nair
SO-2026-0084,Acme Retail,Americas,Partner,37007.84,Receive Order,2026-02-11T12:44:54Z,Received,Nadia Rahman
SO-2026-0078,Acme Retail,APAC,Web,36461.81,Run Credit Check,2026-02-11T12:54:21Z,Credit Check,Credit Desk
SO-2026-0076,Globex Stores,EMEA,Web,1009.09,Cancel Order,2026-02-11T13:16:05Z,Cancelled,Tom Becker
SO-2026-0085,Soylent Foods,Americas,Partner,8304.18,Receive Order,2026-02-11T13:46:16Z,Received,Priya Nair
SO-2026-0080,Acme Retail,Americas,Web,2926.22,Run Credit Check,2026-02-11T14:29:49Z,Credit Check,Credit Desk
SO-2026-0086,Wayne Enterprises,EMEA,Partner,41900.13,Receive Order,2026-02-11T15:20:24Z,Received,Tom Becker
SO-2026-0057,Wayne Enterprises,EMEA,Partner,24433.79,Release Credit Hold,2026-02-11T15:27:52Z,Approved,Credit Desk
SO-2026-0078,Acme Retail,APAC,Web,24426.81,Approve Order,2026-02-11T15:33:21Z,Approved,Order Desk
SO-2026-0087,Initech Ltd,APAC,Partner,33664.89,Receive Order,2026-02-11T15:59:20Z,Received,Tom Becker
SO-2026-0081,Acme Retail,APAC,Direct,31847.90,Run Credit Check,2026-02-11T16:44:03Z,Credit Check,Credit Desk
SO-2026-0077,Acme Retail,APAC,Web,38681.56,Run Credit Check,2026-02-11T16:53:05Z,Credit Check,Credit Desk
SO-2026-0088,Vandelay Co,APAC,Direct,26515.66,Receive Order,2026-02-11T16:59:26Z,Received,Tom Becker
SO-2026-0007,Wayne Enterprises,APAC,Partner,15939.98,Receive Payment,2026-02-11T17:08:05Z,Paid,Billing System
SO-2026-0086,Wayne Enterprises,EMEA,Partner,35052.81,Run Credit Check,2026-02-11T17:10:24Z,Credit Check,Credit Desk
SO-2026-0085,Soylent Foods,Americas,Partner,29893.52,Run Credit Check,2026-02-11T17:37:16Z,Credit Check,Credit Desk
SO-2026-0086,Wayne Enterprises,EMEA,Partner,21889.53,Approve Order,2026-02-11T18:15:24Z,Approved,Order Desk
SO-2026-0054,Initech Ltd,Americas,Direct,31681.13,Fulfil Order,2026-02-11T18:37:19Z,Fulfilled,Fulfilment Centre
SO-2026-0080,Acme Retail,Americas,Web,11023.79,Place On Credit Hold,2026-02-11T18:45:49Z,On Credit Hold,Credit Desk
SO-2026-0087,Initech Ltd,APAC,Partner,893.90,Run Credit Check,2026-02-11T18:53:20Z,Credit Check,Credit Desk
SO-2026-0079,Wonka Brands,APAC,Web,23883.73,Run Credit Check,2026-02-11T18:59:35Z,Credit Check,Credit Desk
SO-2026-0084,Acme Retail,Americas,Partner,27235.67,Run Credit Check,2026-02-11T19:12:54Z,Credit Check,Credit Desk
SO-2026-0082,Vandelay Co,Americas,Direct,8546.61,Run Credit Check,2026-02-11T19:19:27Z,Credit Check,Credit Desk
SO-2026-0077,Acme Retail,APAC,Web,23820.37,Approve Order,2026-02-11T19:25:05Z,Approved,Order Desk
SO-2026-0085,Soylent Foods,Americas,Partner,18532.64,Place On Credit Hold,2026-02-11T20:09:16Z,On Credit Hold,Credit Desk
SO-2026-0072,Hooli Inc,EMEA,Web,33685.77,Fulfil Order,2026-02-11T21:21:11Z,Fulfilled,Fulfilment Centre
SO-2026-0084,Acme Retail,Americas,Partner,9786.00,Approve Order,2026-02-11T21:29:54Z,Approved,Order Desk
SO-2026-0080,Acme Retail,Americas,Web,47601.12,Release Credit Hold,2026-02-11T23:45:49Z,Approved,Credit Desk
SO-2026-0053,Stark Traders,APAC,Web,39055.98,Invoice Customer,2026-02-11T23:47:01Z,Invoiced,Billing System
SO-2026-0050,Wonka Brands,Americas,Partner,3762.15,Receive Payment,2026-02-12T00:11:10Z,Paid,Billing System
SO-2026-0022,Globex Stores,APAC,Direct,9412.94,Receive Payment,2026-02-12T00:35:27Z,Paid,Billing System
SO-2026-0088,Vandelay Co,APAC,Direct,7792.35,Run Credit Check,2026-02-12T00:40:26Z,Credit Check,Credit Desk
SO-2026-0070,Vandelay Co,APAC,Web,6524.65,Fulfil Order,2026-02-12T01:35:27Z,Fulfilled,Fulfilment Centre
SO-2026-0072,Hooli Inc,EMEA,Web,22127.47,Invoice Customer,2026-02-12T01:39:11Z,Invoiced,Billing System
SO-2026-0057,Wayne Enterprises,EMEA,Partner,38438.86,Fulfil Order,2026-02-12T01:42:52Z,Fulfilled,Fulfilment Centre
SO-2026-0073,Soylent Foods,APAC,Direct,7353.34,Fulfil Order,2026-02-12T02:37:57Z,Fulfilled,Fulfilment Centre
SO-2026-0081,Acme Retail,APAC,Direct,21188.75,Cancel Order,2026-02-12T02:51:03Z,Cancelled,Luis Ortega
SO-2026-0077,Acme Retail,APAC,Web,34212.61,Fulfil Order,2026-02-12T03:07:05Z,Fulfilled,Fulfilment Centre
SO-2026-0082,Vandelay Co,Americas,Direct,44832.96,Approve Order,2026-02-12T04:08:27Z,Approved,Order Desk
SO-2026-0075,Initech Ltd,Americas,Partner,47345.07,Fulfil Order,2026-02-12T04:43:26Z,Fulfilled,Fulfilment Centre
SO-2026-0029,Globex Stores,EMEA,Web,39782.45,Receive Payment,2026-02-12T06:23:01Z,Paid,Billing System
SO-2026-0079,Wonka Brands,APAC,Web,30878.45,Place On Credit Hold,2026-02-12T06:33:35Z,On Credit Hold,Credit Desk
SO-2026-0087,Initech Ltd,APAC,Partner,23095.19,Place On Credit Hold,2026-02-12T06:55:20Z,On Credit Hold,Credit Desk
SO-2026-0021,Globex Stores,APAC,Direct,6740.24,Receive Payment,2026-02-12T07:05:05Z,Paid,Billing System
SO-2026-0088,Vandelay Co,APAC,Direct,782.17,Approve Order,2026-02-12T07:28:26Z,Approved,Order Desk
SO-2026-0001,Soylent Foods,Americas,Partner,23328.84,Receive Payment,2026-02-12T07:42:45Z,Paid,Billing System
SO-2026-0032,Wonka Brands,EMEA,Web,40472.84,Receive Payment,2026-02-12T08:11:12Z,Paid,Billing System
SO-2026-0089,Wayne Enterprises,Americas,Partner,37619.08,Receive Order,2026-02-12T08:22:41Z,Received,Nadia Rahman
SO-2026-0090,Vandelay Co,Americas,Partner,3655.86,Receive Order,2026-02-12T09:01:03Z,Received,Nadia Rahman
SO-2026-0064,Wayne Enterprises,Americas,Partner,40700.32,Fulfil Order,2026-02-12T09:18:45Z,Fulfilled,Fulfilment Centre
SO-2026-0091,Wayne Enterprises,Americas,Web,23039.51,Receive Order,2026-02-12T09:48:26Z,Received,Luis Ortega
SO-2026-0092,Initech Ltd,APAC,Direct,21557.12,Receive Order,2026-02-12T09:55:51Z,Received,Nadia Rahman
SO-2026-0090,Vandelay Co,Americas,Partner,22568.68,Run Credit Check,2026-02-12T10:02:03Z,Credit Check,Credit Desk
SO-2026-0089,Wayne Enterprises,Americas,Partner,27706.57,Run Credit Check,2026-02-12T10:05:41Z,Credit Check,Credit Desk
SO-2026-0093,Initech Ltd,Americas,Partner,25315.85,Receive Order,2026-02-12T10:17:45Z,Received,Tom Becker
SO-2026-0094,Wonka Brands,EMEA,Partner,20524.59,Receive Order,2026-02-12T11:03:46Z,Received,Priya Nair
SO-2026-0090,Vandelay Co,Americas,Partner,32061.25,Approve Order,2026-02-12T11:16:03Z,Approved,Order Desk
SO-2026-0095,Soylent Foods,Americas,Direct,29965.17,Receive Order,2026-02-12T12:08:46Z,Received,Luis Ortega
SO-2026-0094,Wonka Brands,EMEA,Partner,5553.18,Run Credit Check,2026-02-12T12:24:46Z,Credit Check,Credit Desk
SO-2026-0096,Wayne Enterprises,Americas,Partner,4537.28,Receive Order,2026-02-12T13:11:23Z,Received,Nadia Rahman
SO-2026-0062,Wonka Brands,APAC,Direct,34044.64,Raise Dispute,2026-02-12T13:15:31Z,Disputed,Tom Becker
SO-2026-0078,Acme Retail,APAC,Web,21236.92,Fulfil Order,2026-02-12T13:26:21Z,Fulfilled,Fulfilment Centre
SO-2026-0097,Vandelay Co,EMEA,Direct,17811.68,Receive Order,2026-02-12T13:53:25Z,Received,Luis Ortega
SO-2026-0082,Vandelay Co,Americas,Direct,3775.73,Fulfil Order,2026-02-12T14:14:27Z,Fulfilled,Fulfilment Centre
SO-2026-0098,Stark Traders,EMEA,Web,41012.92,Receive Order,2026-02-12T14:31:56Z,Received,Tom Becker
SO-2026-0099,Hooli Inc,APAC,Direct,31197.18,Receive Order,2026-02-12T14:45:32Z,Received,Luis Ortega
SO-2026-0100,Stark Traders,APAC,Partner,47576.77,Receive Order,2026-02-12T14:54:54Z,Received,Luis Ortega
SO-2026-0064,Wayne Enterprises,Americas,Partner,4020.67,Invoice Customer,2026-02-12T15:17:45Z,Invoiced,Billing System
SO-2026-0092,Initech Ltd,APAC,Direct,20980.48,Approve Order,2026-02-12T15:25:51Z,Approved,Order Desk
SO-2026-0096,Wayne Enterprises,Americas,Partner,21460.64,Run Credit Check,2026-02-12T15:36:23Z,Credit Check,Credit Desk
SO-2026-0024,Acme Retail,Americas,Partner,3346.63,Receive Payment,2026-02-12T15:47:17Z,Paid,Billing System
SO-2026-0089,Wayne Enterprises,Americas,Partner,10244.48,Approve Order,2026-02-12T15:54:41Z,Approved,Order Desk
SO-2026-0073,Soylent Foods,APAC,Direct,18062.07,Invoice Customer,2026-02-12T15:55:57Z,Invoiced,Billing System
SO-2026-0057,Wayne Enterprises,EMEA,Partner,36620.54,Invoice Customer,2026-02-12T15:57:52Z,Invoiced,Billing System
SO-2026-0093,Initech Ltd,Americas,Partner,44464.79,Run Credit Check,2026-02-12T16:09:45Z,Credit Check,Credit Desk
SO-2026-0100,Stark Traders,APAC,Partner,18829.16,Run Credit Check,2026-02-12T16:11:54Z,Credit Check,Credit Desk
SO-2026-0101,Umbrella Group,Americas,Web,21401.03,Receive Order,2026-02-12T16:17:15Z,Received,Nadia Rahman
SO-2026-0098,Stark Traders,EMEA,Web,4170.21,Run Credit Check,2026-02-12T16:28:56Z,Credit Check,Credit Desk
SO-2026-0102,Initech Ltd,EMEA,Partner,7903.74,Receive Order,2026-02-12T16:29:13Z,Received,Priya Nair
SO-2026-0103,Hooli Inc,APAC,Direct,763.39,Receive Order,2026-02-12T16:31:37Z,Received,Luis Ortega
SO-2026-0104,Wayne Enterprises,EMEA,Partner,11771.37,Receive Order,2026-02-12T16:53:29Z,Received,Luis Ortega
SO-2026-0071,Vandelay Co,Americas,Web,34457.69,Fulfil Order,2026-02-12T17:20:56Z,Fulfilled,Fulfilment Centre
SO-2026-0097,Vandelay Co,EMEA,Direct,14374.60,Run Credit Check,2026-02-12T17:30:25Z,Credit Check,Credit Desk
SO-2026-0096,Wayne Enterprises,Americas,Partner,25486.01,Approve Order,2026-02-12T17:53:23Z,Approved,Order Desk
SO-2026-0094,Wonka Brands,EMEA,Partner,1023.10,Approve Order,2026-02-12T17:56:46Z,Approved,Order Desk
SO-2026-0015,Soylent Foods,EMEA,Partner,47187.79,Resolve Dispute,2026-02-12T17:59:46Z,Invoiced,Billing System
SO-2026-0066,Soylent Foods,Americas,Web,40141.19,Fulfil Order,2026-02-12T18:14:19Z,Fulfilled,Fulfilment Centre
SO-2026-0078,Acme Retail,APAC,Web,11406.90,Invoice Customer,2026-02-12T18:19:21Z,Invoiced,Billing System
SO-2026-0054,Initech Ltd,Americas,Direct,29527.33,Invoice Customer,2026-02-12T18:25:19Z,Invoiced,Billing System
SO-2026-0091,Wayne Enterprises,Americas,Web,40687.71,Run Credit Check,2026-02-12T18:37:26Z,Credit Check,Credit Desk
SO-2026-0102,Initech Ltd,EMEA,Partner,35782.78,Run Credit Check,2026-02-12T18:53:13Z,Credit Check,Credit Desk
SO-2026-0070,Vandelay Co,APAC,Web,18993.10,Invoice Customer,2026-02-12T18:54:27Z,Invoiced,Billing System
SO-2026-0042,Vandelay Co,Americas,Direct,39198.49,Receive Payment,2026-02-12T19:28:44Z,Paid,Billing System
SO-2026-0009,Globex Stores,EMEA,Partner,40948.27,Receive Payment,2026-02-12T19:32:44Z,Paid,Billing System
SO-2026-0104,Wayne Enterprises,EMEA,Partner,32995.40,Run Credit Check,2026-02-12T20:23:29Z,Credit Check,Credit Desk
SO-2026-0099,Hooli Inc,APAC,Direct,47676.38,Run Credit Check,2026-02-12T20:46:32Z,Credit Check,Credit Desk
SO-2026-0095,Soylent Foods,Americas,Direct,22390.00,Run Credit Check,2026-02-12T21:07:46Z,Credit Check,Credit Desk
SO-2026-0037,Initech Ltd,APAC,Partner,29092.26,Receive Payment,2026-02-12T21:13:14Z,Paid,Billing System
SO-2026-0093,Initech Ltd,Americas,Partner,12440.26,Place On Credit Hold,2026-02-12T21:59:45Z,On Credit Hold,Credit Desk
SO-2026-0102,Initech Ltd,EMEA,Partner,33923.07,Approve Order,2026-02-12T22:22:13Z,Approved,Order Desk
SO-2026-0103,Hooli Inc,APAC,Direct,3629.23,Run Credit Check,2026-02-12T22:26:37Z,Credit Check,Credit Desk
SO-2026-0096,Wayne Enterprises,Americas,Partner,23671.80,Fulfil Order,2026-02-12T22:43:23Z,Fulfilled,Fulfilment Centre
SO-2026-0101,Umbrella Group,Americas,Web,3984.01,Run Credit Check,2026-02-12T22:44:15Z,Credit Check,Credit Desk
SO-2026-0047,Acme Retail,EMEA,Direct,25842.33,Receive Payment,2026-02-12T23:02:39Z,Paid,Billing System
SO-2026-0090,Vandelay Co,Americas,Partner,11205.76,Fulfil Order,2026-02-12T23:19:03Z,Fulfilled,Fulfilment Centre
SO-2026-0080,Acme Retail,Americas,Web,43592.22,Fulfil Order,2026-02-12T23:58:49Z,Fulfilled,Fulfilment Centre
SO-2026-0077,Acme Retail,APAC,Web,45829.76,Invoice Customer,2026-02-13T00:07:05Z,Invoiced,Billing System
SO-2026-0097,Vandelay Co,EMEA,Direct,27561.08,Place On Credit Hold,2026-02-13T01:00:25Z,On Credit Hold,Credit Desk
SO-2026-0100,Stark Traders,APAC,Partner,27386.67,Approve Order,2026-02-13T01:49:54Z,Approved,Order Desk
SO-2026-0098,Stark Traders,EMEA,Web,24249.61,Approve Order,2026-02-13T01:52:56Z,Approved,Order Desk
SO-2026-0074,Soylent Foods,APAC,Direct,28917.96,Release Credit Hold,2026-02-13T02:32:18Z,Approved,Credit Desk
SO-2026-0101,Umbrella Group,Americas,Web,36420.12,Place On Credit Hold,2026-02-13T02:37:15Z,On Credit Hold,Credit Desk
SO-2026-0091,Wayne Enterprises,Americas,Web,14018.97,Approve Order,2026-02-13T02:37:26Z,Approved,Order Desk
SO-2026-0103,Hooli Inc,APAC,Direct,9773.58,Place On Credit Hold,2026-02-13T03:35:37Z,On Credit Hold,Credit Desk
SO-2026-0065,Wayne Enterprises,EMEA,Web,46450.69,Fulfil Order,2026-02-13T03:37:32Z,Fulfilled,Fulfilment Centre
SO-2026-0075,Initech Ltd,Americas,Partner,14127.82,Invoice Customer,2026-02-13T03:55:26Z,Invoiced,Billing System
SO-2026-0012,Initech Ltd,EMEA,Web,24604.53,Receive Payment,2026-02-13T03:58:53Z,Paid,Billing System
SO-2026-0104,Wayne Enterprises,EMEA,Partner,40870.17,Place On Credit Hold,2026-02-13T05:33:29Z,On Credit Hold,Credit Desk
SO-2026-0095,Soylent Foods,Americas,Direct,10869.66,Approve Order,2026-02-13T05:53:46Z,Approved,Order Desk
SO-2026-0099,Hooli Inc,APAC,Direct,31412.61,Place On Credit Hold,2026-02-13T06:13:32Z,On Credit Hold,Credit Desk
SO-2026-0096,Wayne Enterprises,Americas,Partner,32887.63,Invoice Customer,2026-02-13T07:28:23Z,Invoiced,Billing System
SO-2026-0066,Soylent Foods,Americas,Web,42351.80,Invoice Customer,2026-02-13T07:31:19Z,Invoiced,Billing System
SO-2026-0088,Vandelay Co,APAC,Direct,38732.76,Fulfil Order,2026-02-13T08:49:26Z,Fulfilled,Fulfilment Centre
SO-2026-0105,Stark Traders,APAC,Partner,31045.71,Receive Order,2026-02-13T09:10:23Z,Received,Priya Nair
SO-2026-0106,Wonka Brands,APAC,Direct,23177.00,Receive Order,2026-02-13T10:09:26Z,Received,Priya Nair
SO-2026-0018,Initech Ltd,EMEA,Partner,44812.54,Receive Payment,2026-02-13T10:32:15Z,Paid,Billing System
SO-2026-0039,Umbrella Group,Americas,Partner,22431.99,Receive Payment,2026-02-13T11:43:49Z,Paid,Billing System
SO-2026-0011,Acme Retail,Americas,Web,10240.13,Receive Payment,2026-02-13T11:46:18Z,Paid,Billing System
SO-2026-0104,Wayne Enterprises,EMEA,Partner,41955.17,Cancel Order,2026-02-13T11:53:29Z,Cancelled,Luis Ortega
SO-2026-0079,Wonka Brands,APAC,Web,30602.80,Ship Goods,2026-02-13T11:53:35Z,Fulfilled,Fulfilment Centre
SO-2026-0071,Vandelay Co,Americas,Web,25566.95,Invoice Customer,2026-02-13T11:53:56Z,Invoiced,Billing System
SO-2026-0107,Wayne Enterprises,EMEA,Web,17267.30,Receive Order,2026-02-13T11:56:55Z,Received,Tom Becker
SO-2026-0087,Initech Ltd,APAC,Partner,28303.63,Release Credit Hold,2026-02-13T12:12:20Z,Approved,Credit Desk
SO-2026-0108,Initech Ltd,Americas,Direct,18211.66,Receive Order,2026-02-13T12:35:55Z,Received,Nadia Rahman
SO-2026-0109,Soylent Foods,EMEA,Direct,3205.45,Receive Order,2026-02-13T12:45:17Z,Received,Luis Ortega
SO-2026-0085,Soylent Foods,Americas,Partner,34053.88,Release Credit Hold,2026-02-13T13:06:16Z,Approved,Credit Desk
SO-2026-0110,Stark Traders,Americas,Partner,13967.53,Receive Order,2026-02-13T13:51:23Z,Received,Luis Ortega
SO-2026-0082,Vandelay Co,Americas,Direct,7288.13,Invoice Customer,2026-02-13T14:10:27Z,Invoiced,Billing System
SO-2026-0091,Wayne Enterprises,Americas,Web,31631.24,Fulfil Order,2026-02-13T14:37:26Z,Fulfilled,Fulfilment Centre
SO-2026-0109,Soylent Foods,EMEA,Direct,30300.11,Run Credit Check,2026-02-13T14:45:17Z,Credit Check,Credit Desk
SO-2026-0111,Wayne Enterprises,APAC,Partner,46369.18,Receive Order,2026-02-13T15:14:18Z,Received,Luis Ortega
SO-2026-0112,Soylent Foods,APAC,Partner,38650.53,Receive Order,2026-02-13T15:49:19Z,Received,Luis Ortega
SO-2026-0031,Stark Traders,EMEA,Web,41998.62,Receive Payment,2026-02-13T16:03:19Z,Paid,Billing System
SO-2026-0103,Hooli Inc,APAC,Direct,13218.59,Cancel Order,2026-02-13T16:12:37Z,Cancelled,Luis Ortega
SO-2026-0105,Stark Traders,APAC,Partner,45833.62,Run Credit Check,2026-02-13T16:31:23Z,Credit Check,Credit Desk
SO-2026-0113,Umbrella Group,APAC,Direct,12033.45,Receive Order,2026-02-13T16:40:40Z,Received,Tom Becker
SO-2026-0080,Acme Retail,Americas,Web,36748.72,Invoice Customer,2026-02-13T17:25:49Z,Invoiced,Billing System
SO-2026-0106,Wonka Brands,APAC,Direct,38759.26,Run Credit Check,2026-02-13T17:39:26Z,Credit Check,Credit Desk
SO-2026-0107,Wayne Enterprises,EMEA,Web,8221.43,Run Credit Check,2026-02-13T17:39:55Z,Credit Check,Credit Desk
SO-2026-0108,Initech Ltd,Americas,Direct,34714.96,Run Credit Check,2026-02-13T17:41:55Z,Credit Check,Credit Desk
SO-2026-0097,Vandelay Co,EMEA,Direct,13177.03,Release Credit Hold,2026-02-13T17:56:25Z,Approved,Credit Desk
SO-2026-0084,Acme Retail,Americas,Partner,9453.59,Fulfil Order,2026-02-13T18:43:54Z,Fulfilled,Fulfilment Centre
SO-2026-0101,Umbrella Group,Americas,Web,16200.59,Cancel Order,2026-02-13T18:47:15Z,Cancelled,Nadia Rahman
SO-2026-0111,Wayne Enterprises,APAC,Partner,26991.88,Run Credit Check,2026-02-13T19:51:18Z,Credit Check,Credit Desk
SO-2026-0110,Stark Traders,Americas,Partner,20201.48,Run Credit Check,2026-02-13T20:15:23Z,Credit Check,Credit Desk
SO-2026-0065,Wayne Enterprises,EMEA,Web,44798.43,Invoice Customer,2026-02-13T20:24:32Z,Invoiced,Billing System
SO-2026-0112,Soylent Foods,APAC,Partner,35324.67,Run Credit Check,2026-02-13T21:32:19Z,Credit Check,Credit Desk
SO-2026-0109,Soylent Foods,EMEA,Direct,40846.79,Place On Credit Hold,2026-02-13T21:37:17Z,On Credit Hold,Credit Desk
SO-2026-0090,Vandelay Co,Americas,Partner,14080.04,Invoice Customer,2026-02-13T22:08:03Z,Invoiced,Billing System
SO-2026-0113,Umbrella Group,APAC,Direct,13218.78,Run Credit Check,2026-02-13T22:17:40Z,Credit Check,Credit Desk
SO-2026-0105,Stark Traders,APAC,Partner,35001.05,Approve Order,2026-02-13T22:18:23Z,Approved,Order Desk
SO-2026-0051,Umbrella Group,Americas,Web,22591.29,Receive Payment,2026-02-13T22:29:38Z,Paid,Billing System
SO-2026-0088,Vandelay Co,APAC,Direct,38109.06,Invoice Customer,2026-02-13T22:33:26Z,Invoiced,Billing System
SO-2026-0079,Wonka Brands,APAC,Web,21492.83,Invoice Customer,2026-02-14T00:27:35Z,Invoiced,Billing System
SO-2026-0070,Vandelay Co,APAC,Web,21791.52,Receive Payment,2026-02-14T02:45:27Z,Paid,Billing System
SO-2026-0038,Stark Traders,EMEA,Partner,31224.95,Receive Payment,2026-02-14T02:49:27Z,Paid,Billing System
SO-2026-0110,Stark Traders,Americas,Partner,38428.00,Place On Credit Hold,2026-02-14T02:56:23Z,On Credit Hold,Credit Desk
SO-2026-0106,Wonka Brands,APAC,Direct,15222.70,Approve Order,2026-02-14T03:05:26Z,Approved,Order Desk
SO-2026-0111,Wayne Enterprises,APAC,Partner,24417.96,Approve Order,2026-02-14T04:07:18Z,Approved,Order Desk
SO-2026-0108,Initech Ltd,Americas,Direct,36764.00,Approve Order,2026-02-14T04:34:55Z,Approved,Order Desk
SO-2026-0109,Soylent Foods,EMEA,Direct,40168.15,Cancel Order,2026-02-14T04:53:17Z,Cancelled,Luis Ortega
SO-2026-0056,Hooli Inc,EMEA,Partner,4863.95,Ship Goods,2026-02-14T05:23:22Z,Fulfilled,Fulfilment Centre
SO-2026-0107,Wayne Enterprises,EMEA,Web,6152.69,Approve Order,2026-02-14T06:38:55Z,Approved,Order Desk
SO-2026-0113,Umbrella Group,APAC,Direct,1246.08,Approve Order,2026-02-14T08:13:40Z,Approved,Order Desk
SO-2026-0112,Soylent Foods,APAC,Partner,45058.02,Approve Order,2026-02-14T08:39:19Z,Approved,Order Desk
SO-2026-0036,Wonka Brands,EMEA,Web,36240.40,Receive Payment,2026-02-14T10:10:34Z,Paid,Billing System
SO-2026-0091,Wayne Enterprises,Americas,Web,8906.18,Invoice Customer,2026-02-14T11:50:26Z,Invoiced,Billing System
SO-2026-0092,Initech Ltd,APAC,Direct,31492.07,Fulfil Order,2026-02-14T13:27:51Z,Fulfilled,Fulfilment Centre
SO-2026-0016,Soylent Foods,APAC,Partner,27447.18,Receive Payment,2026-02-14T13:48:32Z,Paid,Billing System
SO-2026-0093,Initech Ltd,Americas,Partner,16619.38,Release Credit Hold,2026-02-14T13:52:45Z,Approved,Credit Desk
SO-2026-0111,Wayne Enterprises,APAC,Partner,1982.44,Fulfil Order,2026-02-14T14:04:18Z,Fulfilled,Fulfilment Centre
SO-2026-0092,Initech Ltd,APAC,Direct,14488.81,Invoice Customer,2026-02-14T15:40:51Z,Invoiced,Billing System
SO-2026-0089,Wayne Enterprises,Americas,Partner,30028.86,Fulfil Order,2026-02-14T16:08:41Z,Fulfilled,Fulfilment Centre
SO-2026-0105,Stark Traders,APAC,Partner,37255.69,Fulfil Order,2026-02-14T16:24:23Z,Fulfilled,Fulfilment Centre
SO-2026-0095,Soylent Foods,Americas,Direct,31734.59,Fulfil Order,2026-02-14T18:11:46Z,Fulfilled,Fulfilment Centre
SO-2026-0084,Acme Retail,Americas,Partner,11726.95,Invoice Customer,2026-02-14T18:52:54Z,Invoiced,Billing System
SO-2026-0112,Soylent Foods,APAC,Partner,8466.68,Fulfil Order,2026-02-14T19:05:19Z,Fulfilled,Fulfilment Centre
SO-2026-0100,Stark Traders,APAC,Partner,45280.17,Fulfil Order,2026-02-14T19:28:54Z,Fulfilled,Fulfilment Centre
SO-2026-0074,Soylent Foods,APAC,Direct,35963.55,Fulfil Order,2026-02-14T19:49:18Z,Fulfilled,Fulfilment Centre
SO-2026-0099,Hooli Inc,APAC,Direct,21554.44,Release Credit Hold,2026-02-14T20:06:32Z,Approved,Credit Desk
SO-2026-0095,Soylent Foods,Americas,Direct,14293.01,Invoice Customer,2026-02-14T20:10:46Z,Invoiced,Billing System
SO-2026-0073,Soylent Foods,APAC,Direct,14591.42,Receive Payment,2026-02-14T21:25:57Z,Paid,Billing System
SO-2026-0035,Globex Stores,EMEA,Partner,19701.92,Receive Payment,2026-02-14T22:13:33Z,Paid,Billing System
SO-2026-0085,Soylent Foods,Americas,Partner,10703.10,Fulfil Order,2026-02-14T23:12:16Z,Fulfilled,Fulfilment Centre
SO-2026-0106,Wonka Brands,APAC,Direct,28156.55,Fulfil Order,2026-02-14T23:29:26Z,Fulfilled,Fulfilment Centre
SO-2026-0056,Hooli Inc,EMEA,Partner,29853.20,Invoice Customer,2026-02-15T00:02:22Z,Invoiced,Billing System
SO-2026-0110,Stark Traders,Americas,Partner,20972.27,Ship Goods,2026-02-15T00:19:23Z,Fulfilled,Fulfilment Centre
SO-2026-0086,Wayne Enterprises,EMEA,Partner,17387.84,Fulfil Order,2026-02-15T00:23:24Z,Fulfilled,Fulfilment Centre
SO-2026-0019,Hooli Inc,Americas,Direct,27759.45,Receive Payment,2026-02-15T00:44:11Z,Paid,Billing System
SO-2026-0069,Wonka Brands,EMEA,Web,28073.30,Fulfil Order,2026-02-15T04:10:04Z,Fulfilled,Fulfilment Centre
SO-2026-0083,Hooli Inc,EMEA,Partner,36961.20,Ship Goods,2026-02-15T04:52:25Z,Fulfilled,Fulfilment Centre
SO-2026-0099,Hooli Inc,APAC,Direct,29069.67,Fulfil Order,2026-02-15T05:43:32Z,Fulfilled,Fulfilment Centre
SO-2026-0063,Umbrella Group,EMEA,Partner,41358.21,Fulfil Order,2026-02-15T05:54:07Z,Fulfilled,Fulfilment Centre
SO-2026-0113,Umbrella Group,APAC,Direct,22242.20,Fulfil Order,2026-02-15T06:35:40Z,Fulfilled,Fulfilment Centre
SO-2026-0106,Wonka Brands,APAC,Direct,44599.70,Invoice Customer,2026-02-15T07:06:26Z,Invoiced,Billing System
SO-2026-0087,Initech Ltd,APAC,Partner,5016.36,Fulfil Order,2026-02-15T07:24:20Z,Fulfilled,Fulfilment Centre
SO-2026-0025,Hooli Inc,Americas,Direct,44493.98,Receive Payment,2026-02-15T07:37:23Z,Paid,Billing System
SO-2026-0110,Stark Traders,Americas,Partner,21680.19,Invoice Customer,2026-02-15T07:43:23Z,Invoiced,Billing System
SO-2026-0015,Soylent Foods,EMEA,Partner,45758.46,Receive Payment,2026-02-15T08:43:46Z,Paid,Billing System
SO-2026-0113,Umbrella Group,APAC,Direct,46392.68,Invoice Customer,2026-02-15T10:56:40Z,Invoiced,Billing System
SO-2026-0111,Wayne Enterprises,APAC,Partner,31198.99,Invoice Customer,2026-02-15T12:43:18Z,Invoiced,Billing System
SO-2026-0063,Umbrella Group,EMEA,Partner,23880.86,Invoice Customer,2026-02-15T13:14:07Z,Invoiced,Billing System
SO-2026-0112,Soylent Foods,APAC,Partner,31213.60,Invoice Customer,2026-02-15T13:19:19Z,Invoiced,Billing System
SO-2026-0105,Stark Traders,APAC,Partner,16552.53,Invoice Customer,2026-02-15T13:51:23Z,Invoiced,Billing System
SO-2026-0086,Wayne Enterprises,EMEA,Partner,14159.05,Invoice Customer,2026-02-15T13:52:24Z,Invoiced,Billing System
SO-2026-0085,Soylent Foods,Americas,Partner,24098.17,Invoice Customer,2026-02-15T13:53:16Z,Invoiced,Billing System
SO-2026-0089,Wayne Enterprises,Americas,Partner,45713.96,Invoice Customer,2026-02-15T14:48:41Z,Invoiced,Billing System
SO-2026-0083,Hooli Inc,EMEA,Partner,12060.82,Invoice Customer,2026-02-15T15:07:25Z,Invoiced,Billing System
SO-2026-0100,Stark Traders,APAC,Partner,26082.37,Invoice Customer,2026-02-15T15:09:54Z,Invoiced,Billing System
SO-2026-0074,Soylent Foods,APAC,Direct,25597.34,Invoice Customer,2026-02-15T15:44:18Z,Invoiced,Billing System
SO-2026-0099,Hooli Inc,APAC,Direct,37704.59,Invoice Customer,2026-02-15T16:40:32Z,Invoiced,Billing System
SO-2026-0006,Acme Retail,EMEA,Web,37148.65,Receive Payment,2026-02-15T17:49:28Z,Paid,Billing System
SO-2026-0044,Vandelay Co,APAC,Web,47675.55,Receive Payment,2026-02-15T17:52:43Z,Paid,Billing System
SO-2026-0020,Vandelay Co,Americas,Partner,19748.16,Receive Payment,2026-02-15T18:57:21Z,Paid,Billing System
SO-2026-0067,Umbrella Group,EMEA,Direct,15082.20,Fulfil Order,2026-02-15T19:30:31Z,Fulfilled,Fulfilment Centre
SO-2026-0055,Acme Retail,Americas,Partner,4487.03,Receive Payment,2026-02-15T20:14:24Z,Paid,Billing System
SO-2026-0093,Initech Ltd,Americas,Partner,11675.11,Fulfil Order,2026-02-15T21:14:45Z,Fulfilled,Fulfilment Centre
SO-2026-0108,Initech Ltd,Americas,Direct,26300.88,Fulfil Order,2026-02-15T21:46:55Z,Fulfilled,Fulfilment Centre
SO-2026-0071,Vandelay Co,Americas,Web,15459.07,Receive Payment,2026-02-15T23:08:56Z,Paid,Billing System
SO-2026-0054,Initech Ltd,Americas,Direct,47518.14,Receive Payment,2026-02-15T23:31:19Z,Paid,Billing System
SO-2026-0062,Wonka Brands,APAC,Direct,3819.96,Resolve Dispute,2026-02-15T23:43:31Z,Invoiced,Billing System
SO-2026-0069,Wonka Brands,EMEA,Web,35673.39,Invoice Customer,2026-02-16T00:23:04Z,Invoiced,Billing System
SO-2026-0093,Initech Ltd,Americas,Partner,10946.94,Invoice Customer,2026-02-16T03:58:45Z,Invoiced,Billing System
SO-2026-0087,Initech Ltd,APAC,Partner,37396.73,Invoice Customer,2026-02-16T04:11:20Z,Invoiced,Billing System
SO-2026-0094,Wonka Brands,EMEA,Partner,23527.34,Fulfil Order,2026-02-16T05:32:46Z,Fulfilled,Fulfilment Centre
SO-2026-0092,Initech Ltd,APAC,Direct,5218.11,Receive Payment,2026-02-16T06:32:51Z,Paid,Billing System
SO-2026-0108,Initech Ltd,Americas,Direct,14474.51,Invoice Customer,2026-02-16T06:36:55Z,Invoiced,Billing System
SO-2026-0114,Stark Traders,APAC,Web,33769.17,Receive Order,2026-02-16T08:08:19Z,Received,Luis Ortega
SO-2026-0067,Umbrella Group,EMEA,Direct,11872.65,Invoice Customer,2026-02-16T08:30:31Z,Invoiced,Billing System
SO-2026-0115,Initech Ltd,EMEA,Web,14706.18,Receive Order,2026-02-16T09:01:17Z,Received,Nadia Rahman
SO-2026-0090,Vandelay Co,Americas,Partner,6717.17,Receive Payment,2026-02-16T09:49:03Z,Paid,Billing System
SO-2026-0114,Stark Traders,APAC,Web,18625.24,Run Credit Check,2026-02-16T09:50:19Z,Credit Check,Credit Desk
SO-2026-0116,Acme Retail,APAC,Direct,33120.52,Receive Order,2026-02-16T10:01:18Z,Received,Tom Becker
SO-2026-0117,Globex Stores,APAC,Partner,11065.44,Receive Order,2026-02-16T10:09:51Z,Received,Tom Becker
SO-2026-0118,Wonka Brands,Americas,Direct,25474.70,Receive Order,2026-02-16T10:56:49Z,Received,Tom Becker
SO-2026-0115,Initech Ltd,EMEA,Web,47943.55,Run Credit Check,2026-02-16T11:15:17Z,Credit Check,Credit Desk
SO-2026-0119,Globex Stores,EMEA,Direct,19098.79,Receive Order,2026-02-16T11:41:09Z,Received,Tom Becker
SO-2026-0117,Globex Stores,APAC,Partner,3637.60,Run Credit Check,2026-02-16T11:53:51Z,Credit Check,Credit Desk
SO-2026-0120,Wonka Brands,APAC,Web,37537.55,Receive Order,2026-02-16T12:44:58Z,Received,Priya Nair
SO-2026-0084,Acme Retail,Americas,Partner,4844.54,Receive Payment,2026-02-16T13:35:54Z,Paid,Billing System
SO-2026-0121,Acme Retail,APAC,Partner,2963.17,Receive Order,2026-02-16T13:38:35Z,Received,Luis Ortega
SO-2026-0118,Wonka Brands,Americas,Direct,13016.71,Run Credit Check,2026-02-16T13:39:49Z,Credit Check,Credit Desk
SO-2026-0122,Globex Stores,APAC,Partner,6508.09,Receive Order,2026-02-16T13:44:26Z,Received,Tom Becker
SO-2026-0117,Globex Stores,APAC,Partner,34282.34,Approve Order,2026-02-16T14:11:51Z,Approved,Order Desk
SO-2026-0123,Hooli Inc,Americas,Web,36558.53,Receive Order,2026-02-16T15:05:21Z,Received,Tom Becker
SO-2026-0121,Acme Retail,APAC,Partner,46145.82,Run Credit Check,2026-02-16T15:10:35Z,Credit Check,Credit Desk
SO-2026-0119,Globex Stores,EMEA,Direct,35305.69,Run Credit Check,2026-02-16T15:12:09Z,Credit Check,Credit Desk
SO-2026-0122,Globex Stores,APAC,Partner,22595.34,Run Credit Check,2026-02-16T15:46:26Z,Credit Check,Credit Desk
SO-2026-0049,Acme Retail,APAC,Direct,33048.47,Receive Payment,2026-02-16T15:46:35Z,Paid,Billing System
SO-2026-0124,Globex Stores,APAC,Partner,5801.08,Receive Order,2026-02-16T16:27:52Z,Received,Priya Nair
SO-2026-0125,Globex Stores,APAC,Direct,16468.09,Receive Order,2026-02-16T16:45:36Z,Received,Tom Becker
SO-2026-0126,Initech Ltd,EMEA,Partner,30515.43,Receive Order,2026-02-16T16:55:46Z,Received,Priya Nair
SO-2026-0094,Wonka Brands,EMEA,Partner,33729.64,Invoice Customer,2026-02-16T17:24:46Z,Invoiced,Billing System
SO-2026-0078,Acme Retail,APAC,Web,5479.01,Receive Payment,2026-02-16T17:47:21Z,Paid,Billing System
SO-2026-0116,Acme Retail,APAC,Direct,39719.25,Run Credit Check,2026-02-16T18:55:18Z,Credit Check,Credit Desk
SO-2026-0123,Hooli Inc,Americas,Web,32291.65,Run Credit Check,2026-02-16T19:09:21Z,Credit Check,Credit Desk
SO-2026-0114,Stark Traders,APAC,Web,25100.21,Approve Order,2026-02-16T19:35:19Z,Approved,Order Desk
SO-2026-0122,Globex Stores,APAC,Partner,14119.47,Approve Order,2026-02-16T21:10:26Z,Approved,Order Desk
SO-2026-0097,Vandelay Co,EMEA,Direct,32884.24,Fulfil Order,2026-02-16T21:14:25Z,Fulfilled,Fulfilment Centre
SO-2026-0120,Wonka Brands,APAC,Web,15632.14,Run Credit Check,2026-02-16T21:18:58Z,Credit Check,Credit Desk
SO-2026-0115,Initech Ltd,EMEA,Web,30000.69,Place On Credit Hold,2026-02-16T22:29:17Z,On Credit Hold,Credit Desk
SO-2026-0121,Acme Retail,APAC,Partner,41035.19,Approve Order,2026-02-16T22:38:35Z,Approved,Order Desk
SO-2026-0119,Globex Stores,EMEA,Direct,15035.45,Place On Credit Hold,2026-02-16T23:26:09Z,On Credit Hold,Credit Desk
SO-2026-0125,Globex Stores,APAC,Direct,11765.12,Run Credit Check,2026-02-17T00:18:36Z,Credit Check,Credit Desk
SO-2026-0126,Initech Ltd,EMEA,Partner,42565.77,Run Credit Check,2026-02-17T00:21:46Z,Credit Check,Credit Desk
SO-2026-0118,Wonka Brands,Americas,Direct,43122.92,Place On Credit Hold,2026-02-17T00:52:49Z,On Credit Hold,Credit Desk
SO-2026-0028,Globex Stores,EMEA,Partner,27103.17,Receive Payment,2026-02-17T01:00:35Z,Paid,Billing System
SO-2026-0126,Initech Ltd,EMEA,Partner,15815.39,Approve Order,2026-02-17T02:17:46Z,Approved,Order Desk
SO-2026-0124,Globex Stores,APAC,Partner,22688.51,Approve Order,2026-02-17T02:31:52Z,Approved,Order Desk
SO-2026-0120,Wonka Brands,APAC,Web,16096.39,Approve Order,2026-02-17T04:33:58Z,Approved,Order Desk
SO-2026-0123,Hooli Inc,Americas,Web,24299.79,Approve Order,2026-02-17T04:54:21Z,Approved,Order Desk
SO-2026-0116,Acme Retail,APAC,Direct,26346.47,Place On Credit Hold,2026-02-17T07:32:18Z,On Credit Hold,Credit Desk
SO-2026-0127,Vandelay Co,APAC,Partner,32052.01,Receive Order,2026-02-17T08:17:31Z,Received,Nadia Rahman
SO-2026-0128,Acme Retail,EMEA,Partner,4527.42,Receive Order,2026-02-17T09:54:46Z,Received,Nadia Rahman
SO-2026-0065,Wayne Enterprises,EMEA,Web,16247.57,Receive Payment,2026-02-17T10:03:32Z,Paid,Billing System
SO-2026-0125,Globex Stores,APAC,Direct,3991.62,Approve Order,2026-02-17T10:50:36Z,Approved,Order Desk
SO-2026-0129,Hooli Inc,EMEA,Partner,44453.84,Receive Order,2026-02-17T11:57:00Z,Received,Priya Nair
SO-2026-0130,Soylent Foods,EMEA,Partner,26904.70,Receive Order,2026-02-17T12:22:30Z,Received,Nadia Rahman
SO-2026-0128,Acme Retail,EMEA,Partner,37096.54,Approve Order,2026-02-17T12:42:46Z,Approved,Order Desk
SO-2026-0131,Umbrella Group,EMEA,Partner,40227.69,Receive Order,2026-02-17T13:39:19Z,Received,Priya Nair
SO-2026-0096,Wayne Enterprises,Americas,Partner,1327.25,Receive Payment,2026-02-17T14:16:23Z,Paid,Billing System
SO-2026-0132,Vandelay Co,APAC,Partner,12918.04,Receive Order,2026-02-17T14:56:19Z,Received,Nadia Rahman
SO-2026-0131,Umbrella Group,EMEA,Partner,35239.53,Run Credit Check,2026-02-17T15:13:19Z,Credit Check,Credit Desk
SO-2026-0129,Hooli Inc,EMEA,Partner,38741.88,Run Credit Check,2026-02-17T15:31:00Z,Credit Check,Credit Desk
SO-2026-0088,Vandelay Co,APAC,Direct,9258.65,Receive Payment,2026-02-17T15:36:26Z,Paid,Billing System
SO-2026-0133,Acme Retail,Americas,Direct,41327.08,Receive Order,2026-02-17T16:00:39Z,Received,Luis Ortega
SO-2026-0052,Wayne Enterprises,EMEA,Web,21308.45,Receive Payment,2026-02-17T17:11:31Z,Paid,Billing System
SO-2026-0122,Globex Stores,APAC,Partner,13957.40,Fulfil Order,2026-02-17T18:00:26Z,Fulfilled,Fulfilment Centre
SO-2026-0130,Soylent Foods,EMEA,Partner,26083.56,Run Credit Check,2026-02-17T18:10:30Z,Credit Check,Credit Desk
SO-2026-0127,Vandelay Co,APAC,Partner,19328.88,Ship Goods,2026-02-17T18:29:31Z,Fulfilled,Fulfilment Centre
SO-2026-0107,Wayne Enterprises,EMEA,Web,9292.57,Fulfil Order,2026-02-17T18:37:55Z,Fulfilled,Fulfilment Centre
SO-2026-0114,Stark Traders,APAC,Web,12611.23,Fulfil Order,2026-02-17T19:35:19Z,Fulfilled,Fulfilment Centre
SO-2026-0124,Globex Stores,APAC,Partner,29757.28,Fulfil Order,2026-02-17T19:56:52Z,Fulfilled,Fulfilment Centre
SO-2026-0074,Soylent Foods,APAC,Direct,26512.34,Receive Payment,2026-02-17T19:58:18Z,Paid,Billing System
SO-2026-0097,Vandelay Co,EMEA,Direct,15769.32,Invoice Customer,2026-02-17T20:45:25Z,Invoiced,Billing System
SO-2026-0066,Soylent Foods,Americas,Web,3909.18,Receive Payment,2026-02-17T20:51:19Z,Paid,Billing System
SO-2026-0131,Umbrella Group,EMEA,Partner,21575.92,Place On Credit Hold,2026-02-17T21:11:19Z,On Credit Hold,Credit Desk
SO-2026-0102,Initech Ltd,EMEA,Partner,28142.68,Fulfil Order,2026-02-17T21:17:13Z,Fulfilled,Fulfilment Centre
SO-2026-0127,Vandelay Co,APAC,Partner,2367.02,Invoice Customer,2026-02-17T21:31:31Z,Invoiced,Billing System
SO-2026-0098,Stark Traders,EMEA,Web,9386.88,Fulfil Order,2026-02-17T21:34:56Z,Fulfilled,Fulfilment Centre
SO-2026-0119,Globex Stores,EMEA,Direct,15029.27,Release Credit Hold,2026-02-17T21:56:09Z,Approved,Credit Desk
SO-2026-0116,Acme Retail,APAC,Direct,11519.03,Release Credit Hold,2026-02-17T22:01:18Z,Approved,Credit Desk
SO-2026-0132,Vandelay Co,APAC,Partner,32401.62,Run Credit Check,2026-02-17T22:15:19Z,Credit Check,Credit Desk
SO-2026-0122,Globex Stores,APAC,Partner,7782.09,Invoice Customer,2026-02-17T22:38:26Z,Invoiced,Billing System
SO-2026-0133,Acme Retail,Americas,Direct,9125.82,Run Credit Check,2026-02-18T00:30:39Z,Credit Check,Credit Desk
SO-2026-0046,Hooli Inc,EMEA,Web,44275.39,Receive Payment,2026-02-18T01:19:33Z,Paid,Billing System
SO-2026-0123,Hooli Inc,Americas,Web,32265.85,Fulfil Order,2026-02-18T03:02:21Z,Fulfilled,Fulfilment Centre
SO-2026-0129,Hooli Inc,EMEA,Partner,16923.65,Place On Credit Hold,2026-02-18T03:29:00Z,On Credit Hold,Credit Desk
SO-2026-0133,Acme Retail,Americas,Direct,31024.89,Approve Order,2026-02-18T05:57:39Z,Approved,Order Desk
SO-2026-0131,Umbrella Group,EMEA,Partner,18159.86,Release Credit Hold,2026-02-18T06:25:19Z,Approved,Credit Desk
SO-2026-0130,Soylent Foods,EMEA,Partner,8765.64,Place On Credit Hold,2026-02-18T06:26:30Z,On Credit Hold,Credit Desk
SO-2026-0107,Wayne Enterprises,EMEA,Web,18894.45,Invoice Customer,2026-02-18T06:49:55Z,Invoiced,Billing System
SO-2026-0132,Vandelay Co,APAC,Partner,15429.99,Place On Credit Hold,2026-02-18T06:56:19Z,On Credit Hold,Credit Desk
SO-2026-0059,Wayne Enterprises,Americas,Direct,12862.41,Receive Payment,2026-02-18T07:57:23Z,Paid,Billing System
SO-2026-0086,Wayne Enterprises,EMEA,Partner,2220.21,Receive Payment,2026-02-18T08:11:24Z,Paid,Billing System
SO-2026-0062,Wonka Brands,APAC,Direct,38508.09,Receive Payment,2026-02-18T08:11:31Z,Paid,Billing System
SO-2026-0102,Initech Ltd,EMEA,Partner,5953.81,Invoice Customer,2026-02-18T08:33:13Z,Invoiced,Billing System
SO-2026-0064,Wayne Enterprises,Americas,Partner,5278.63,Receive Payment,2026-02-18T09:47:45Z,Paid,Billing System
SO-2026-0117,Globex Stores,APAC,Partner,39672.86,Fulfil Order,2026-02-18T09:51:51Z,Fulfilled,Fulfilment Centre
SO-2026-0134,Stark Traders,APAC,Partner,38314.51,Receive Order,2026-02-18T09:54:45Z,Received,Priya Nair
SO-2026-0124,Globex Stores,APAC,Partner,8849.78,Invoice Customer,2026-02-18T09:55:52Z,Invoiced,Billing System
SO-2026-0120,Wonka Brands,APAC,Web,17294.82,Fulfil Order,2026-02-18T10:18:58Z,Fulfilled,Fulfilment Centre
SO-2026-0135,Umbrella Group,Americas,Direct,1099.44,Receive Order,2026-02-18T10:32:09Z,Received,Nadia Rahman
SO-2026-0098,Stark Traders,EMEA,Web,9773.44,Invoice Customer,2026-02-18T10:34:56Z,Invoiced,Billing System
SO-2026-0114,Stark Traders,APAC,Web,39784.26,Invoice Customer,2026-02-18T11:28:19Z,Invoiced,Billing System
SO-2026-0132,Vandelay Co,APAC,Partner,26955.54,Release Credit Hold,2026-02-18T11:39:19Z,Approved,Credit Desk
SO-2026-0043,Stark Traders,EMEA,Direct,19559.20,Receive Payment,2026-02-18T12:53:16Z,Paid,Billing System
SO-2026-0136,Wayne Enterprises,APAC,Direct,20778.20,Receive Order,2026-02-18T12:57:42Z,Received,Priya Nair
SO-2026-0137,Globex Stores,EMEA,Partner,17047.71,Receive Order,2026-02-18T13:06:52Z,Received,Luis Ortega
SO-2026-0072,Hooli Inc,EMEA,Web,22098.65,Receive Payment,2026-02-18T13:46:11Z,Paid,Billing System
SO-2026-0061,Umbrella Group,EMEA,Partner,13863.58,Receive Payment,2026-02-18T15:30:47Z,Paid,Billing System
SO-2026-0138,Initech Ltd,Americas,Partner,19280.67,Receive Order,2026-02-18T16:38:46Z,Received,Tom Becker
SO-2026-0134,Stark Traders,APAC,Partner,9095.99,Run Credit Check,2026-02-18T16:40:45Z,Credit Check,Credit Desk
SO-2026-0136,Wayne Enterprises,APAC,Direct,34905.47,Run Credit Check,2026-02-18T16:46:42Z,Credit Check,Credit Desk
SO-2026-0135,Umbrella Group,Americas,Direct,37878.65,Run Credit Check,2026-02-18T17:40:09Z,Credit Check,Credit Desk
SO-2026-0137,Globex Stores,EMEA,Partner,44071.82,Run Credit Check,2026-02-18T18:05:52Z,Credit Check,Credit Desk
SO-2026-0045,Globex Stores,EMEA,Web,1894.09,Receive Payment,2026-02-18T18:21:25Z,Paid,Billing System
SO-2026-0115,Initech Ltd,EMEA,Web,10520.61,Release Credit Hold,2026-02-18T18:23:17Z,Approved,Credit Desk
SO-2026-0136,Wayne Enterprises,APAC,Direct,22137.72,Place On Credit Hold,2026-02-18T18:44:42Z,On Credit Hold,Credit Desk
SO-2026-0117,Globex Stores,APAC,Partner,43781.38,Invoice Customer,2026-02-18T18:58:51Z,Invoiced,Billing System
SO-2026-0120,Wonka Brands,APAC,Web,32724.18,Invoice Customer,2026-02-18T19:09:58Z,Invoiced,Billing System
SO-2026-0121,Acme Retail,APAC,Partner,38271.60,Fulfil Order,2026-02-18T19:42:35Z,Fulfilled,Fulfilment Centre
SO-2026-0118,Wonka Brands,Americas,Direct,38409.44,Release Credit Hold,2026-02-18T20:10:49Z,Approved,Credit Desk
SO-2026-0123,Hooli Inc,Americas,Web,18527.97,Invoice Customer,2026-02-18T20:50:21Z,Invoiced,Billing System
SO-2026-0110,Stark Traders,Americas,Partner,7012.25,Receive Payment,2026-02-18T21:56:23Z,Paid,Billing System
SO-2026-0138,Initech Ltd,Americas,Partner,35072.97,Run Credit Check,2026-02-18T22:24:46Z,Credit Check,Credit Desk
SO-2026-0130,Soylent Foods,EMEA,Partner,21900.36,Cancel Order,2026-02-18T23:52:30Z,Cancelled,Nadia Rahman
SO-2026-0134,Stark Traders,APAC,Partner,33646.50,Approve Order,2026-02-19T00:29:45Z,Approved,Order Desk
SO-2026-0053,Stark Traders,APAC,Web,10295.19,Receive Payment,2026-02-19T02:09:01Z,Paid,Billing System
SO-2026-0127,Vandelay Co,APAC,Partner,19199.69,Receive Payment,2026-02-19T02:44:31Z,Paid,Billing System
SO-2026-0121,Acme Retail,APAC,Partner,34899.49,Invoice Customer,2026-02-19T03:48:35Z,Invoiced,Billing System
SO-2026-0135,Umbrella Group,Americas,Direct,36992.20,Approve Order,2026-02-19T04:16:09Z,Approved,Order Desk
SO-2026-0122,Globex Stores,APAC,Partner,34323.06,Receive Payment,2026-02-19T04:32:26Z,Paid,Billing System
SO-2026-0137,Globex Stores,EMEA,Partner,35190.77,Approve Order,2026-02-19T05:11:52Z,Approved,Order Desk
SO-2026-0125,Globex Stores,APAC,Direct,20885.37,Fulfil Order,2026-02-19T06:04:36Z,Fulfilled,Fulfilment Centre
SO-2026-0111,Wayne Enterprises,APAC,Partner,19919.06,Receive Payment,2026-02-19T07:14:18Z,Paid,Billing System
SO-2026-0128,Acme Retail,EMEA,Partner,45920.22,Fulfil Order,2026-02-19T08:19:46Z,Fulfilled,Fulfilment Centre
SO-2026-0139,Wonka Brands,APAC,Web,9263.77,Receive Order,2026-02-19T08:40:47Z,Received,Luis Ortega
SO-2026-0125,Globex Stores,APAC,Direct,23763.14,Invoice Customer,2026-02-19T09:58:36Z,Invoiced,Billing System
SO-2026-0138,Initech Ltd,Americas,Partner,25594.49,Place On Credit Hold,2026-02-19T09:58:46Z,On Credit Hold,Credit Desk
SO-2026-0131,Umbrella Group,EMEA,Partner,10875.17,Fulfil Order,2026-02-19T10:28:19Z,Fulfilled,Fulfilment Centre
SO-2026-0140,Initech Ltd,APAC,Web,18859.70,Receive Order,2026-02-19T11:09:27Z,Received,Tom Becker
SO-2026-0116,Acme Retail,APAC,Direct,32595.11,Fulfil Order,2026-02-19T11:12:18Z,Fulfilled,Fulfilment Centre
SO-2026-0132,Vandelay Co,APAC,Partner,30529.95,Fulfil Order,2026-02-19T11:13:19Z,Fulfilled,Fulfilment Centre
SO-2026-0141,Wayne Enterprises,Americas,Partner,22496.85,Receive Order,2026-02-19T11:33:14Z,Received,Priya Nair
SO-2026-0142,Hooli Inc,APAC,Partner,243.42,Receive Order,2026-02-19T11:46:10Z,Received,Nadia Rahman
SO-2026-0093,Initech Ltd,Americas,Partner,24009.42,Receive Payment,2026-02-19T11:58:45Z,Paid,Billing System
SO-2026-0136,Wayne Enterprises,APAC,Direct,33955.57,Cancel Order,2026-02-19T12:34:42Z,Cancelled,Priya Nair
SO-2026-0132,Vandelay Co,APAC,Partner,37789.99,Invoice Customer,2026-02-19T12:38:19Z,Invoiced,Billing System
SO-2026-0143,Acme Retail,Americas,Partner,40316.75,Receive Order,2026-02-19T12:47:50Z,Received,Nadia Rahman
SO-2026-0133,Acme Retail,Americas,Direct,26896.95,Fulfil Order,2026-02-19T13:20:39Z,Fulfilled,Fulfilment Centre
SO-2026-0141,Wayne Enterprises,Americas,Partner,41074.15,Approve Order,2026-02-19T13:40:14Z,Approved,Order Desk
SO-2026-0118,Wonka Brands,Americas,Direct,7450.17,Fulfil Order,2026-02-19T13:41:49Z,Fulfilled,Fulfilment Centre
SO-2026-0144,Initech Ltd,EMEA,Partner,34850.08,Receive Order,2026-02-19T13:49:19Z,Received,Nadia Rahman
SO-2026-0131,Umbrella Group,EMEA,Partner,17926.80,Invoice Customer,2026-02-19T14:06:19Z,Invoiced,Billing System
SO-2026-0134,Stark Traders,APAC,Partner,40913.55,Fulfil Order,2026-02-19T14:13:45Z,Fulfilled,Fulfilment Centre
SO-2026-0139,Wonka Brands,APAC,Web,45963.57,Run Credit Check,2026-02-19T14:23:47Z,Credit Check,Credit Desk
SO-2026-0145,Stark Traders,Americas,Partner,13204.54,Receive Order,2026-02-19T14:24:43Z,Received,Tom Becker
SO-2026-0146,Initech Ltd,EMEA,Direct,24517.18,Receive Order,2026-02-19T14:31:59Z,Received,Nadia Rahman
SO-2026-0147,Globex Stores,APAC,Partner,28148.07,Receive Order,2026-02-19T14:50:17Z,Received,Nadia Rahman
SO-2026-0139,Wonka Brands,APAC,Web,22257.64,Approve Order,2026-02-19T16:02:47Z,Approved,Order Desk
SO-2026-0145,Stark Traders,Americas,Partner,3273.98,Run Credit Check,2026-02-19T16:53:43Z,Credit Check,Credit Desk
SO-2026-0144,Initech Ltd,EMEA,Partner,42954.43,Run Credit Check,2026-02-19T17:01:19Z,Credit Check,Credit Desk
SO-2026-0129,Hooli Inc,EMEA,Partner,2311.64,Release Credit Hold,2026-02-19T17:44:00Z,Approved,Credit Desk
SO-2026-0138,Initech Ltd,Americas,Partner,19572.09,Cancel Order,2026-02-19T17:44:46Z,Cancelled,Tom Becker
SO-2026-0143,Acme Retail,Americas,Partner,22560.00,Run Credit Check,2026-02-19T17:59:50Z,Credit Check,Credit Desk
SO-2026-0142,Hooli Inc,APAC,Partner,16680.99,Approve Order,2026-02-19T18:23:10Z,Approved,Order Desk
SO-2026-0140,Initech Ltd,APAC,Web,12884.01,Run Credit Check,2026-02-19T20:06:27Z,Credit Check,Credit Desk
SO-2026-0118,Wonka Brands,Americas,Direct,32640.79,Invoice Customer,2026-02-19T20:43:49Z,Invoiced,Billing System
SO-2026-0063,Umbrella Group,EMEA,Partner,20685.85,Receive Payment,2026-02-19T21:05:07Z,Paid,Billing System
SO-2026-0105,Stark Traders,APAC,Partner,9516.36,Receive Payment,2026-02-19T21:33:23Z,Paid,Billing System
SO-2026-0146,Initech Ltd,EMEA,Direct,24628.11,Run Credit Check,2026-02-19T21:48:59Z,Credit Check,Credit Desk
SO-2026-0143,Acme Retail,Americas,Partner,26282.88,Place On Credit Hold,2026-02-19T22:21:50Z,On Credit Hold,Credit Desk
SO-2026-0087,Initech Ltd,APAC,Partner,3388.59,Receive Payment,2026-02-19T22:55:20Z,Paid,Billing System
SO-2026-0147,Globex Stores,APAC,Partner,17161.87,Approve Order,2026-02-20T00:06:17Z,Approved,Order Desk
SO-2026-0075,Initech Ltd,Americas,Partner,34390.44,Receive Payment,2026-02-20T00:48:26Z,Paid,Billing System
SO-2026-0134,Stark Traders,APAC,Partner,32760.05,Invoice Customer,2026-02-20T00:56:45Z,Invoiced,Billing System
SO-2026-0091,Wayne Enterprises,Americas,Web,3348.85,Receive Payment,2026-02-20T02:27:26Z,Paid,Billing System
SO-2026-0128,Acme Retail,EMEA,Partner,3026.05,Invoice Customer,2026-02-20T02:31:46Z,Invoiced,Billing System
SO-2026-0102,Initech Ltd,EMEA,Partner,4412.95,Receive Payment,2026-02-20T02:40:13Z,Paid,Billing System
SO-2026-0145,Stark Traders,Americas,Partner,1806.90,Approve Order,2026-02-20T03:23:43Z,Approved,Order Desk
SO-2026-0057,Wayne Enterprises,EMEA,Partner,26307.53,Receive Payment,2026-02-20T03:58:52Z,Paid,Billing System
SO-2026-0144,Initech Ltd,EMEA,Partner,31763.42,Approve Order,2026-02-20T04:12:19Z,Approved,Order Desk
SO-2026-0099,Hooli Inc,APAC,Direct,46504.11,Receive Payment,2026-02-20T04:53:32Z,Paid,Billing System
SO-2026-0097,Vandelay Co,EMEA,Direct,46174.21,Receive Payment,2026-02-20T05:13:25Z,Paid,Billing System
SO-2026-0143,Acme Retail,Americas,Partner,45410.08,Release Credit Hold,2026-02-20T06:42:50Z,Approved,Credit Desk
SO-2026-0116,Acme Retail,APAC,Direct,31502.34,Invoice Customer,2026-02-20T06:48:18Z,Invoiced,Billing System
SO-2026-0135,Umbrella Group,Americas,Direct,31854.57,Fulfil Order,2026-02-20T06:58:09Z,Fulfilled,Fulfilment Centre
SO-2026-0121,Acme Retail,APAC,Partner,11233.55,Raise Dispute,2026-02-20T09:54:35Z,Disputed,Luis Ortega
SO-2026-0133,Acme Retail,Americas,Direct,20110.64,Invoice Customer,2026-02-20T10:20:39Z,Invoiced,Billing System
SO-2026-0148,Acme Retail,Americas,Direct,13284.11,Receive Order,2026-02-20T10:43:23Z,Received,Nadia Rahman
SO-2026-0149,Wayne Enterprises,APAC,Partner,45182.87,Receive Order,2026-02-20T11:38:47Z,Received,Priya Nair
SO-2026-0082,Vandelay Co,Americas,Direct,4575.46,Receive Payment,2026-02-20T13:29:27Z,Paid,Billing System
SO-2026-0150,Vandelay Co,APAC,Partner,11740.66,Receive Order,2026-02-20T13:53:02Z,Received,Priya Nair
SO-2026-0148,Acme Retail,Americas,Direct,9911.64,Run Credit Check,2026-02-20T15:08:23Z,Credit Check,Credit Desk
SO-2026-0150,Vandelay Co,APAC,Partner,6847.05,Run Credit Check,2026-02-20T15:12:02Z,Credit Check,Credit Desk
SO-2026-0149,Wayne Enterprises,APAC,Partner,20327.70,Run Credit Check,2026-02-20T15:25:47Z,Credit Check,Credit Desk
SO-2026-0151,Wonka Brands,EMEA,Partner,4059.10,Receive Order,2026-02-20T15:32:49Z,Received,Tom Becker
SO-2026-0152,Soylent Foods,APAC,Partner,43513.78,Receive Order,2026-02-20T15:37:28Z,Received,Tom Becker
SO-2026-0148,Acme Retail,Americas,Direct,36344.43,Approve Order,2026-02-20T16:37:23Z,Approved,Order Desk
SO-2026-0120,Wonka Brands,APAC,Web,28269.39,Raise Dispute,2026-02-20T17:54:58Z,Disputed,Priya Nair
SO-2026-0115,Initech Ltd,EMEA,Web,22356.55,Fulfil Order,2026-02-20T19:22:17Z,Fulfilled,Fulfilment Centre
SO-2026-0152,Soylent Foods,APAC,Partner,46815.14,Run Credit Check,2026-02-20T19:34:28Z,Credit Check,Credit Desk
SO-2026-0143,Acme Retail,Americas,Partner,9539.05,Fulfil Order,2026-02-20T19:58:50Z,Fulfilled,Fulfilment Centre
SO-2026-0056,Hooli Inc,EMEA,Partner,39248.74,Receive Payment,2026-02-20T20:21:22Z,Paid,Billing System
SO-2026-0146,Initech Ltd,EMEA,Direct,24523.86,Cancel Order,2026-02-20T20:27:59Z,Cancelled,Nadia Rahman
SO-2026-0140,Initech Ltd,APAC,Web,11289.68,Cancel Order,2026-02-20T21:01:27Z,Cancelled,Tom Becker
SO-2026-0151,Wonka Brands,EMEA,Partner,19076.60,Run Credit Check,2026-02-20T21:41:49Z,Credit Check,Credit Desk
SO-2026-0152,Soylent Foods,APAC,Partner,30930.47,Approve Order,2026-02-20T23:11:28Z,Approved,Order Desk
SO-2026-0135,Umbrella Group,Americas,Direct,28513.77,Invoice Customer,2026-02-21T00:00:09Z,Invoiced,Billing System
SO-2026-0095,Soylent Foods,Americas,Direct,31832.18,Receive Payment,2026-02-21T00:04:46Z,Paid,Billing System
SO-2026-0129,Hooli Inc,EMEA,Partner,29396.21,Fulfil Order,2026-02-21T00:15:00Z,Fulfilled,Fulfilment Centre
SO-2026-0132,Vandelay Co,APAC,Partner,36160.90,Receive Payment,2026-02-21T00:41:19Z,Paid,Billing System
SO-2026-0142,Hooli Inc,APAC,Partner,20700.80,Fulfil Order,2026-02-21T00:51:10Z,Fulfilled,Fulfilment Centre
SO-2026-0077,Acme Retail,APAC,Web,39493.68,Receive Payment,2026-02-21T01:20:05Z,Paid,Billing System
SO-2026-0149,Wayne Enterprises,APAC,Partner,14976.07,Approve Order,2026-02-21T02:52:47Z,Approved,Order Desk
SO-2026-0150,Vandelay Co,APAC,Partner,8413.00,Approve Order,2026-02-21T03:11:02Z,Approved,Order Desk
SO-2026-0126,Initech Ltd,EMEA,Partner,10932.62,Fulfil Order,2026-02-21T04:21:46Z,Fulfilled,Fulfilment Centre
SO-2026-0098,Stark Traders,EMEA,Web,20720.29,Receive Payment,2026-02-21T05:54:56Z,Paid,Billing System
SO-2026-0143,Acme Retail,Americas,Partner,39273.25,Invoice Customer,2026-02-21T06:26:50Z,Invoiced,Billing System
SO-2026-0151,Wonka Brands,EMEA,Partner,22923.11,Approve Order,2026-02-21T06:49:49Z,Approved,Order Desk
SO-2026-0149,Wayne Enterprises,APAC,Partner,10628.89,Fulfil Order,2026-02-21T08:24:47Z,Fulfilled,Fulfilment Centre
SO-2026-0115,Initech Ltd,EMEA,Web,2671.51,Invoice Customer,2026-02-21T08:37:17Z,Invoiced,Billing System
SO-2026-0120,Wonka Brands,APAC,Web,30972.25,Resolve Dispute,2026-02-21T08:51:58Z,Invoiced,Billing System
SO-2026-0139,Wonka Brands,APAC,Web,16453.35,Fulfil Order,2026-02-21T11:10:47Z,Fulfilled,Fulfilment Centre
SO-2026-0141,Wayne Enterprises,Americas,Partner,47298.06,Fulfil Order,2026-02-21T14:12:14Z,Fulfilled,Fulfilment Centre
SO-2026-0119,Globex Stores,EMEA,Direct,11607.20,Fulfil Order,2026-02-21T14:22:09Z,Fulfilled,Fulfilment Centre
SO-2026-0147,Globex Stores,APAC,Partner,5976.74,Fulfil Order,2026-02-21T14:22:17Z,Fulfilled,Fulfilment Centre
SO-2026-0112,Soylent Foods,APAC,Partner,21316.79,Receive Payment,2026-02-21T14:58:19Z,Paid,Billing System
SO-2026-0129,Hooli Inc,EMEA,Partner,37223.34,Invoice Customer,2026-02-21T15:33:00Z,Invoiced,Billing System
SO-2026-0121,Acme Retail,APAC,Partner,31807.12,Resolve Dispute,2026-02-21T15:54:35Z,Invoiced,Billing System
SO-2026-0149,Wayne Enterprises,APAC,Partner,35200.64,Invoice Customer,2026-02-21T16:55:47Z,Invoiced,Billing System
SO-2026-0142,Hooli Inc,APAC,Partner,41361.53,Invoice Customer,2026-02-21T17:39:10Z,Invoiced,Billing System
SO-2026-0147,Globex Stores,APAC,Partner,16843.77,Invoice Customer,2026-02-21T18:37:17Z,Invoiced,Billing System
SO-2026-0150,Vandelay Co,APAC,Partner,45532.67,Fulfil Order,2026-02-21T20:53:02Z,Fulfilled,Fulfilment Centre
SO-2026-0126,Initech Ltd,EMEA,Partner,23359.64,Invoice Customer,2026-02-21T23:46:46Z,Invoiced,Billing System
SO-2026-0141,Wayne Enterprises,Americas,Partner,19106.88,Invoice Customer,2026-02-22T00:18:14Z,Invoiced,Billing System
SO-2026-0145,Stark Traders,Americas,Partner,35371.61,Fulfil Order,2026-02-22T01:55:43Z,Fulfilled,Fulfilment Centre
SO-2026-0152,Soylent Foods,APAC,Partner,35494.83,Fulfil Order,2026-02-22T03:01:28Z,Fulfilled,Fulfilment Centre
SO-2026-0139,Wonka Brands,APAC,Web,22003.82,Invoice Customer,2026-02-22T04:34:47Z,Invoiced,Billing System
SO-2026-0150,Vandelay Co,APAC,Partner,36409.36,Invoice Customer,2026-02-22T05:31:02Z,Invoiced,Billing System
SO-2026-0100,Stark Traders,APAC,Partner,14041.70,Receive Payment,2026-02-22T07:16:54Z,Paid,Billing System
SO-2026-0148,Acme Retail,Americas,Direct,18096.30,Fulfil Order,2026-02-22T07:44:23Z,Fulfilled,Fulfilment Centre
SO-2026-0137,Globex Stores,EMEA,Partner,21929.32,Fulfil Order,2026-02-22T08:32:52Z,Fulfilled,Fulfilment Centre
SO-2026-0145,Stark Traders,Americas,Partner,21717.22,Invoice Customer,2026-02-22T08:44:43Z,Invoiced,Billing System
SO-2026-0119,Globex Stores,EMEA,Direct,6955.48,Invoice Customer,2026-02-22T15:14:09Z,Invoiced,Billing System
SO-2026-0079,Wonka Brands,APAC,Web,10036.04,Receive Payment,2026-02-22T17:31:35Z,Paid,Billing System
SO-2026-0067,Umbrella Group,EMEA,Direct,28880.28,Receive Payment,2026-02-22T17:50:31Z,Paid,Billing System
SO-2026-0137,Globex Stores,EMEA,Partner,29978.27,Invoice Customer,2026-02-22T18:01:52Z,Invoiced,Billing System
SO-2026-0069,Wonka Brands,EMEA,Web,28358.14,Receive Payment,2026-02-22T19:25:04Z,Paid,Billing System
SO-2026-0113,Umbrella Group,APAC,Direct,29063.31,Receive Payment,2026-02-22T20:12:40Z,Paid,Billing System
SO-2026-0106,Wonka Brands,APAC,Direct,34651.52,Receive Payment,2026-02-22T22:44:26Z,Paid,Billing System
SO-2026-0151,Wonka Brands,EMEA,Partner,23205.57,Fulfil Order,2026-02-23T02:41:49Z,Fulfilled,Fulfilment Centre
SO-2026-0152,Soylent Foods,APAC,Partner,22784.25,Invoice Customer,2026-02-23T03:04:28Z,Invoiced,Billing System
SO-2026-0129,Hooli Inc,EMEA,Partner,34444.75,Receive Payment,2026-02-23T03:48:00Z,Paid,Billing System
SO-2026-0094,Wonka Brands,EMEA,Partner,14399.44,Receive Payment,2026-02-23T05:22:46Z,Paid,Billing System
SO-2026-0148,Acme Retail,Americas,Direct,40459.17,Invoice Customer,2026-02-23T05:54:23Z,Invoiced,Billing System
SO-2026-0153,Acme Retail,Americas,Partner,10258.74,Receive Order,2026-02-23T09:27:34Z,Received,Tom Becker
SO-2026-0080,Acme Retail,Americas,Web,42317.82,Receive Payment,2026-02-23T09:39:49Z,Paid,Billing System
SO-2026-0154,Initech Ltd,EMEA,Web,47672.76,Receive Order,2026-02-23T10:02:57Z,Received,Priya Nair
SO-2026-0155,Wayne Enterprises,EMEA,Partner,11659.11,Receive Order,2026-02-23T10:26:17Z,Received,Nadia Rahman
SO-2026-0156,Hooli Inc,EMEA,Direct,2325.91,Receive Order,2026-02-23T10:49:38Z,Received,Luis Ortega
SO-2026-0157,Vandelay Co,APAC,Partner,27542.58,Receive Order,2026-02-23T11:55:54Z,Received,Nadia Rahman
SO-2026-0158,Hooli Inc,EMEA,Partner,1317.16,Receive Order,2026-02-23T12:10:47Z,Received,Nadia Rahman
SO-2026-0159,Vandelay Co,EMEA,Direct,21974.83,Receive Order,2026-02-23T12:31:55Z,Received,Tom Becker
SO-2026-0153,Acme Retail,Americas,Partner,24599.13,Run Credit Check,2026-02-23T12:41:34Z,Credit Check,Credit Desk
SO-2026-0156,Hooli Inc,EMEA,Direct,29512.33,Run Credit Check,2026-02-23T13:07:38Z,Credit Check,Credit Desk
SO-2026-0160,Acme Retail,APAC,Partner,36111.66,Receive Order,2026-02-23T13:10:41Z,Received,Tom Becker
SO-2026-0161,Umbrella Group,EMEA,Web,33110.84,Receive Order,2026-02-23T13:55:00Z,Received,Luis Ortega
SO-2026-0154,Initech Ltd,EMEA,Web,7341.37,Run Credit Check,2026-02-23T14:35:57Z,Credit Check,Credit Desk
SO-2026-0162,Soylent Foods,APAC,Web,2788.39,Receive Order,2026-02-23T14:50:57Z,Received,Nadia Rahman
SO-2026-0117,Globex Stores,APAC,Partner,24820.21,Receive Payment,2026-02-23T15:02:51Z,Paid,Billing System
SO-2026-0158,Hooli Inc,EMEA,Partner,35524.79,Run Credit Check,2026-02-23T15:33:47Z,Credit Check,Credit Desk
SO-2026-0120,Wonka Brands,APAC,Web,36898.80,Receive Payment,2026-02-23T15:41:58Z,Paid,Billing System
SO-2026-0163,Umbrella Group,EMEA,Direct,3174.46,Receive Order,2026-02-23T15:45:26Z,Received,Luis Ortega
SO-2026-0164,Wayne Enterprises,EMEA,Web,18858.87,Receive Order,2026-02-23T16:02:58Z,Received,Nadia Rahman
SO-2026-0153,Acme Retail,Americas,Partner,6641.53,Approve Order,2026-02-23T17:14:34Z,Approved,Order Desk
SO-2026-0157,Vandelay Co,APAC,Partner,44148.47,Run Credit Check,2026-02-23T17:18:54Z,Credit Check,Credit Desk
SO-2026-0159,Vandelay Co,EMEA,Direct,11279.60,Run Credit Check,2026-02-23T18:02:55Z,Credit Check,Credit Desk
SO-2026-0162,Soylent Foods,APAC,Web,19836.82,Run Credit Check,2026-02-23T18:14:57Z,Credit Check,Credit Desk
SO-2026-0164,Wayne Enterprises,EMEA,Web,3037.88,Run Credit Check,2026-02-23T18:15:58Z,Credit Check,Credit Desk
SO-2026-0161,Umbrella Group,EMEA,Web,12797.48,Run Credit Check,2026-02-23T18:37:00Z,Credit Check,Credit Desk
SO-2026-0163,Umbrella Group,EMEA,Direct,23204.39,Run Credit Check,2026-02-23T19:36:26Z,Credit Check,Credit Desk
SO-2026-0155,Wayne Enterprises,EMEA,Partner,2116.38,Approve Order,2026-02-23T22:08:17Z,Approved,Order Desk
SO-2026-0164,Wayne Enterprises,EMEA,Web,42134.72,Approve Order,2026-02-23T23:03:58Z,Approved,Order Desk
SO-2026-0156,Hooli Inc,EMEA,Direct,47861.52,Approve Order,2026-02-23T23:23:38Z,Approved,Order Desk
SO-2026-0161,Umbrella Group,EMEA,Web,37512.86,Place On Credit Hold,2026-02-24T00:06:00Z,On Credit Hold,Credit Desk
SO-2026-0154,Initech Ltd,EMEA,Web,6988.29,Approve Order,2026-02-24T00:44:57Z,Approved,Order Desk
SO-2026-0107,Wayne Enterprises,EMEA,Web,18605.71,Receive Payment,2026-02-24T01:40:55Z,Paid,Billing System
SO-2026-0160,Acme Retail,APAC,Partner,32382.67,Approve Order,2026-02-24T02:09:41Z,Approved,Order Desk
SO-2026-0157,Vandelay Co,APAC,Partner,2436.85,Approve Order,2026-02-24T02:21:54Z,Approved,Order Desk
SO-2026-0151,Wonka Brands,EMEA,Partner,31324.31,Invoice Customer,2026-02-24T02:35:49Z,Invoiced,Billing System
SO-2026-0125,Globex Stores,APAC,Direct,13034.33,Receive Payment,2026-02-24T02:49:36Z,Paid,Billing System
SO-2026-0159,Vandelay Co,EMEA,Direct,4341.46,Place On Credit Hold,2026-02-24T03:47:55Z,On Credit Hold,Credit Desk
SO-2026-0158,Hooli Inc,EMEA,Partner,20622.42,Approve Order,2026-02-24T03:54:47Z,Approved,Order Desk
SO-2026-0159,Vandelay Co,EMEA,Direct,31099.24,Cancel Order,2026-02-24T04:49:55Z,Cancelled,Tom Becker
SO-2026-0163,Umbrella Group,EMEA,Direct,990.78,Approve Order,2026-02-24T04:51:26Z,Approved,Order Desk
SO-2026-0144,Initech Ltd,EMEA,Partner,11193.23,Fulfil Order,2026-02-24T06:48:19Z,Fulfilled,Fulfilment Centre
SO-2026-0162,Soylent Foods,APAC,Web,5124.50,Cancel Order,2026-02-24T07:44:57Z,Cancelled,Nadia Rahman
SO-2026-0124,Globex Stores,APAC,Partner,18579.39,Receive Payment,2026-02-24T08:15:52Z,Paid,Billing System
SO-2026-0165,Hooli Inc,APAC,Direct,16755.16,Receive Order,2026-02-24T10:22:05Z,Received,Nadia Rahman
SO-2026-0166,Globex Stores,APAC,Web,9212.73,Receive Order,2026-02-24T11:20:29Z,Received,Nadia Rahman
SO-2026-0167,Stark Traders,Americas,Partner,24302.13,Receive Order,2026-02-24T11:33:22Z,Received,Nadia Rahman
SO-2026-0168,Wayne Enterprises,Americas,Web,23477.53,Receive Order,2026-02-24T11:35:42Z,Received,Tom Becker
SO-2026-0169,Acme Retail,Americas,Partner,30590.18,Receive Order,2026-02-24T12:09:04Z,Received,Priya Nair
SO-2026-0144,Initech Ltd,EMEA,Partner,29533.93,Invoice Customer,2026-02-24T12:13:19Z,Invoiced,Billing System
SO-2026-0170,Wayne Enterprises,APAC,Web,3937.57,Receive Order,2026-02-24T12:21:28Z,Received,Nadia Rahman
SO-2026-0135,Umbrella Group,Americas,Direct,29779.88,Receive Payment,2026-02-24T13:46:09Z,Paid,Billing System
SO-2026-0165,Hooli Inc,APAC,Direct,3171.44,Run Credit Check,2026-02-24T14:19:05Z,Credit Check,Credit Desk
SO-2026-0166,Globex Stores,APAC,Web,19845.38,Run Credit Check,2026-02-24T14:48:29Z,Credit Check,Credit Desk
SO-2026-0171,Wonka Brands,APAC,Direct,38770.72,Receive Order,2026-02-24T14:58:24Z,Received,Tom Becker
SO-2026-0172,Wayne Enterprises,APAC,Web,46182.72,Receive Order,2026-02-24T15:05:03Z,Received,Priya Nair
SO-2026-0173,Stark Traders,APAC,Partner,42658.90,Receive Order,2026-02-24T15:44:39Z,Received,Tom Becker
SO-2026-0169,Acme Retail,Americas,Partner,29261.14,Approve Order,2026-02-24T15:59:04Z,Approved,Order Desk
SO-2026-0171,Wonka Brands,APAC,Direct,5654.44,Run Credit Check,2026-02-24T16:12:24Z,Credit Check,Credit Desk
SO-2026-0174,Initech Ltd,APAC,Direct,3612.65,Receive Order,2026-02-24T16:16:37Z,Received,Luis Ortega
SO-2026-0121,Acme Retail,APAC,Partner,18006.93,Receive Payment,2026-02-24T16:55:35Z,Paid,Billing System
SO-2026-0166,Globex Stores,APAC,Web,29367.73,Approve Order,2026-02-24T17:07:29Z,Approved,Order Desk
SO-2026-0153,Acme Retail,Americas,Partner,1158.86,Fulfil Order,2026-02-24T17:08:34Z,Fulfilled,Fulfilment Centre
SO-2026-0168,Wayne Enterprises,Americas,Web,7056.15,Run Credit Check,2026-02-24T18:25:42Z,Credit Check,Credit Desk
SO-2026-0143,Acme Retail,Americas,Partner,2524.82,Receive Payment,2026-02-24T19:29:50Z,Paid,Billing System
SO-2026-0170,Wayne Enterprises,APAC,Web,39103.18,Run Credit Check,2026-02-24T19:37:28Z,Credit Check,Credit Desk
SO-2026-0085,Soylent Foods,Americas,Partner,35202.21,Receive Payment,2026-02-24T19:39:16Z,Paid,Billing System
SO-2026-0083,Hooli Inc,EMEA,Partner,32335.71,Receive Payment,2026-02-24T21:33:25Z,Paid,Billing System
SO-2026-0173,Stark Traders,APAC,Partner,974.27,Run Credit Check,2026-02-24T23:17:39Z,Credit Check,Credit Desk
SO-2026-0172,Wayne Enterprises,APAC,Web,3299.34,Run Credit Check,2026-02-24T23:35:03Z,Credit Check,Credit Desk
SO-2026-0170,Wayne Enterprises,APAC,Web,18849.81,Approve Order,2026-02-25T00:22:28Z,Approved,Order Desk
SO-2026-0153,Acme Retail,Americas,Partner,37775.11,Invoice Customer,2026-02-25T00:28:34Z,Invoiced,Billing System
SO-2026-0108,Initech Ltd,Americas,Direct,40017.84,Receive Payment,2026-02-25T00:46:55Z,Paid,Billing System
SO-2026-0174,Initech Ltd,APAC,Direct,12118.46,Run Credit Check,2026-02-25T00:48:37Z,Credit Check,Credit Desk
SO-2026-0149,Wayne Enterprises,APAC,Partner,20987.66,Receive Payment,2026-02-25T02:28:47Z,Paid,Billing System
SO-2026-0168,Wayne Enterprises,Americas,Web,33935.37,Approve Order,2026-02-25T03:00:42Z,Approved,Order Desk
SO-2026-0174,Initech Ltd,APAC,Direct,13222.61,Approve Order,2026-02-25T03:04:37Z,Approved,Order Desk
SO-2026-0166,Globex Stores,APAC,Web,23951.59,Fulfil Order,2026-02-25T03:17:29Z,Fulfilled,Fulfilment Centre
SO-2026-0165,Hooli Inc,APAC,Direct,21201.65,Cancel Order,2026-02-25T07:08:05Z,Cancelled,Nadia Rahman
SO-2026-0173,Stark Traders,APAC,Partner,40924.20,Approve Order,2026-02-25T08:09:39Z,Approved,Order Desk
SO-2026-0154,Initech Ltd,EMEA,Web,5599.30,Fulfil Order,2026-02-25T10:13:57Z,Fulfilled,Fulfilment Centre
SO-2026-0157,Vandelay Co,APAC,Partner,40877.33,Fulfil Order,2026-02-25T11:01:54Z,Fulfilled,Fulfilment Centre
SO-2026-0089,Wayne Enterprises,Americas,Partner,1530.59,Receive Payment,2026-02-25T11:19:41Z,Paid,Billing System
SO-2026-0175,Soylent Foods,Americas,Direct,37714.05,Receive Order,2026-02-25T11:54:05Z,Received,Tom Becker
SO-2026-0172,Wayne Enterprises,APAC,Web,16834.99,Approve Order,2026-02-25T12:03:03Z,Approved,Order Desk
SO-2026-0176,Globex Stores,EMEA,Partner,21630.91,Receive Order,2026-02-25T12:45:29Z,Received,Priya Nair
SO-2026-0177,Stark Traders,EMEA,Web,2680.61,Receive Order,2026-02-25T13:28:05Z,Received,Priya Nair
SO-2026-0178,Acme Retail,EMEA,Partner,20276.52,Receive Order,2026-02-25T14:09:05Z,Received,Tom Becker
SO-2026-0171,Wonka Brands,APAC,Direct,30852.25,Cancel Order,2026-02-25T14:14:24Z,Cancelled,Tom Becker
SO-2026-0177,Stark Traders,EMEA,Web,5001.43,Run Credit Check,2026-02-25T14:28:05Z,Credit Check,Credit Desk
SO-2026-0160,Acme Retail,APAC,Partner,47537.12,Fulfil Order,2026-02-25T15:35:41Z,Fulfilled,Fulfilment Centre
SO-2026-0179,Hooli Inc,EMEA,Direct,15228.52,Receive Order,2026-02-25T16:03:52Z,Received,Luis Ortega
SO-2026-0166,Globex Stores,APAC,Web,34614.40,Invoice Customer,2026-02-25T16:28:29Z,Invoiced,Billing System
SO-2026-0160,Acme Retail,APAC,Partner,19645.17,Invoice Customer,2026-02-25T18:20:41Z,Invoiced,Billing System
SO-2026-0168,Wayne Enterprises,Americas,Web,8609.14,Fulfil Order,2026-02-25T18:21:42Z,Fulfilled,Fulfilment Centre
SO-2026-0176,Globex Stores,EMEA,Partner,38128.24,Run Credit Check,2026-02-25T19:37:29Z,Credit Check,Credit Desk
SO-2026-0175,Soylent Foods,Americas,Direct,2488.39,Run Credit Check,2026-02-25T20:30:05Z,Credit Check,Credit Desk
SO-2026-0177,Stark Traders,EMEA,Web,32802.87,Place On Credit Hold,2026-02-25T21:09:05Z,On Credit Hold,Credit Desk
SO-2026-0176,Globex Stores,EMEA,Partner,3954.29,Place On Credit Hold,2026-02-25T21:52:29Z,On Credit Hold,Credit Desk
SO-2026-0178,Acme Retail,EMEA,Partner,33542.35,Run Credit Check,2026-02-25T22:23:05Z,Credit Check,Credit Desk
SO-2026-0145,Stark Traders,Americas,Partner,45428.34,Receive Payment,2026-02-25T23:47:43Z,Paid,Billing System
SO-2026-0179,Hooli Inc,EMEA,Direct,28502.84,Approve Order,2026-02-26T00:17:52Z,Approved,Order Desk
SO-2026-0157,Vandelay Co,APAC,Partner,4193.97,Invoice Customer,2026-02-26T00:19:54Z,Invoiced,Billing System
SO-2026-0155,Wayne Enterprises,EMEA,Partner,17955.08,Fulfil Order,2026-02-26T00:57:17Z,Fulfilled,Fulfilment Centre
SO-2026-0144,Initech Ltd,EMEA,Partner,25679.36,Receive Payment,2026-02-26T01:59:19Z,Paid,Billing System
SO-2026-0176,Globex Stores,EMEA,Partner,36245.56,Release Credit Hold,2026-02-26T02:19:29Z,Approved,Credit Desk
SO-2026-0155,Wayne Enterprises,EMEA,Partner,8284.53,Invoice Customer,2026-02-26T03:28:17Z,Invoiced,Billing System
SO-2026-0151,Wonka Brands,EMEA,Partner,27693.21,Receive Payment,2026-02-26T04:07:49Z,Paid,Billing System
SO-2026-0154,Initech Ltd,EMEA,Web,10677.41,Invoice Customer,2026-02-26T04:15:57Z,Invoiced,Billing System
SO-2026-0167,Stark Traders,Americas,Partner,21443.92,Ship Goods,2026-02-26T07:06:22Z,Fulfilled,Fulfilment Centre
SO-2026-0175,Soylent Foods,Americas,Direct,36017.80,Approve Order,2026-02-26T08:35:05Z,Approved,Order Desk
SO-2026-0180,Soylent Foods,EMEA,Partner,36004.24,Receive Order,2026-02-26T09:29:10Z,Received,Nadia Rahman
SO-2026-0167,Stark Traders,Americas,Partner,23421.67,Invoice Customer,2026-02-26T10:04:22Z,Invoiced,Billing System
SO-2026-0168,Wayne Enterprises,Americas,Web,28777.87,Invoice Customer,2026-02-26T10:13:42Z,Invoiced,Billing System
SO-2026-0178,Acme Retail,EMEA,Partner,3190.10,Place On Credit Hold,2026-02-26T10:22:05Z,On Credit Hold,Credit Desk
SO-2026-0181,Vandelay Co,Americas,Partner,45981.15,Receive Order,2026-02-26T12:14:14Z,Received,Tom Becker
SO-2026-0170,Wayne Enterprises,APAC,Web,38119.36,Fulfil Order,2026-02-26T12:25:28Z,Fulfilled,Fulfilment Centre
SO-2026-0169,Acme Retail,Americas,Partner,20206.17,Fulfil Order,2026-02-26T12:54:04Z,Fulfilled,Fulfilment Centre
SO-2026-0180,Soylent Foods,EMEA,Partner,42460.31,Run Credit Check,2026-02-26T13:17:10Z,Credit Check,Credit Desk
SO-2026-0182,Hooli Inc,APAC,Partner,881.39,Receive Order,2026-02-26T13:24:55Z,Received,Tom Becker
SO-2026-0183,Soylent Foods,Americas,Web,26747.61,Receive Order,2026-02-26T13:29:47Z,Received,Luis Ortega
SO-2026-0184,Umbrella Group,Americas,Web,11555.66,Receive Order,2026-02-26T13:33:00Z,Received,Priya Nair
SO-2026-0174,Initech Ltd,APAC,Direct,30037.85,Fulfil Order,2026-02-26T13:37:37Z,Fulfilled,Fulfilment Centre
SO-2026-0185,Globex Stores,EMEA,Partner,42145.74,Receive Order,2026-02-26T14:28:57Z,Received,Nadia Rahman
SO-2026-0186,Vandelay Co,APAC,Partner,3111.54,Receive Order,2026-02-26T14:42:56Z,Received,Luis Ortega
SO-2026-0187,Umbrella Group,EMEA,Direct,46574.94,Receive Order,2026-02-26T14:52:01Z,Received,Tom Becker
SO-2026-0182,Hooli Inc,APAC,Partner,1743.70,Run Credit Check,2026-02-26T15:09:55Z,Credit Check,Credit Desk
SO-2026-0188,Hooli Inc,Americas,Partner,17402.20,Receive Order,2026-02-26T15:29:04Z,Received,Priya Nair
SO-2026-0183,Soylent Foods,Americas,Web,9380.34,Run Credit Check,2026-02-26T15:47:47Z,Credit Check,Credit Desk
SO-2026-0184,Umbrella Group,Americas,Web,38378.25,Run Credit Check,2026-02-26T16:13:00Z,Credit Check,Credit Desk
SO-2026-0177,Stark Traders,EMEA,Web,33957.81,Release Credit Hold,2026-02-26T16:43:05Z,Approved,Credit Desk
SO-2026-0189,Globex Stores,Americas,Partner,45497.58,Receive Order,2026-02-26T16:51:23Z,Received,Tom Becker
SO-2026-0184,Umbrella Group,Americas,Web,17503.24,Place On Credit Hold,2026-02-26T17:24:00Z,On Credit Hold,Credit Desk
SO-2026-0181,Vandelay Co,Americas,Partner,9879.04,Run Credit Check,2026-02-26T18:54:14Z,Credit Check,Credit Desk
SO-2026-0187,Umbrella Group,EMEA,Direct,8029.17,Run Credit Check,2026-02-26T19:47:01Z,Credit Check,Credit Desk
SO-2026-0181,Vandelay Co,Americas,Partner,14442.10,Approve Order,2026-02-26T20:36:14Z,Approved,Order Desk
SO-2026-0188,Hooli Inc,Americas,Partner,46073.90,Run Credit Check,2026-02-26T20:50:04Z,Credit Check,Credit Desk
SO-2026-0189,Globex Stores,Americas,Partner,4298.86,Run Credit Check,2026-02-26T21:21:23Z,Credit Check,Credit Desk
SO-2026-0180,Soylent Foods,EMEA,Partner,18455.93,Place On Credit Hold,2026-02-26T21:43:10Z,On Credit Hold,Credit Desk
SO-2026-0189,Globex Stores,Americas,Partner,38738.84,Approve Order,2026-02-26T22:39:23Z,Approved,Order Desk
SO-2026-0185,Globex Stores,EMEA,Partner,10831.67,Approve Order,2026-02-26T22:40:57Z,Approved,Order Desk
SO-2026-0173,Stark Traders,APAC,Partner,35376.64,Fulfil Order,2026-02-26T23:11:39Z,Fulfilled,Fulfilment Centre
SO-2026-0182,Hooli Inc,APAC,Partner,13589.02,Approve Order,2026-02-27T00:18:55Z,Approved,Order Desk
SO-2026-0183,Soylent Foods,Americas,Web,45507.77,Approve Order,2026-02-27T01:46:47Z,Approved,Order Desk
SO-2026-0169,Acme Retail,Americas,Partner,42260.48,Invoice Customer,2026-02-27T02:33:04Z,Invoiced,Billing System
SO-2026-0178,Acme Retail,EMEA,Partner,41355.39,Release Credit Hold,2026-02-27T02:47:05Z,Approved,Credit Desk
SO-2026-0189,Globex Stores,Americas,Partner,33880.71,Fulfil Order,2026-02-27T02:52:23Z,Fulfilled,Fulfilment Centre
SO-2026-0187,Umbrella Group,EMEA,Direct,22295.04,Approve Order,2026-02-27T03:15:01Z,Approved,Order Desk
SO-2026-0172,Wayne Enterprises,APAC,Web,39450.28,Fulfil Order,2026-02-27T03:16:03Z,Fulfilled,Fulfilment Centre
SO-2026-0184,Umbrella Group,Americas,Web,25614.70,Release Credit Hold,2026-02-27T05:48:00Z,Approved,Credit Desk
SO-2026-0190,Wayne Enterprises,APAC,Web,12129.04,Receive Order,2026-02-27T08:04:18Z,Received,Priya Nair
SO-2026-0188,Hooli Inc,Americas,Partner,46652.43,Cancel Order,2026-02-27T08:17:04Z,Cancelled,Priya Nair
SO-2026-0191,Initech Ltd,Americas,Direct,25022.68,Receive Order,2026-02-27T08:21:29Z,Received,Luis Ortega
SO-2026-0173,Stark Traders,APAC,Partner,29832.14,Invoice Customer,2026-02-27T08:25:39Z,Invoiced,Billing System
SO-2026-0192,Hooli Inc,EMEA,Web,28772.18,Receive Order,2026-02-27T09:18:47Z,Received,Nadia Rahman
SO-2026-0193,Umbrella Group,APAC,Direct,29416.49,Receive Order,2026-02-27T09:27:14Z,Received,Nadia Rahman
SO-2026-0194,Vandelay Co,EMEA,Direct,27595.05,Receive Order,2026-02-27T10:26:33Z,Received,Nadia Rahman
SO-2026-0156,Hooli Inc,EMEA,Direct,26948.57,Fulfil Order,2026-02-27T10:41:38Z,Fulfilled,Fulfilment Centre
SO-2026-0123,Hooli Inc,Americas,Web,21592.83,Receive Payment,2026-02-27T10:59:21Z,Paid,Billing System
SO-2026-0195,Globex Stores,Americas,Partner,16159.94,Receive Order,2026-02-27T11:07:35Z,Received,Tom Becker
SO-2026-0189,Globex Stores,Americas,Partner,37176.11,Invoice Customer,2026-02-27T11:31:23Z,Invoiced,Billing System
SO-2026-0174,Initech Ltd,APAC,Direct,19792.30,Invoice Customer,2026-02-27T11:47:37Z,Invoiced,Billing System
SO-2026-0196,Wonka Brands,APAC,Direct,46981.90,Receive Order,2026-02-27T11:51:52Z,Received,Priya Nair
SO-2026-0170,Wayne Enterprises,APAC,Web,4100.28,Invoice Customer,2026-02-27T12:09:28Z,Invoiced,Billing System
SO-2026-0197,Stark Traders,APAC,Web,20243.72,Receive Order,2026-02-27T12:09:30Z,Received,Tom Becker
SO-2026-0156,Hooli Inc,EMEA,Direct,14773.15,Invoice Customer,2026-02-27T12:10:38Z,Invoiced,Billing System
SO-2026-0193,Umbrella Group,APAC,Direct,19334.64,Run Credit Check,2026-02-27T12:18:14Z,Credit Check,Credit Desk
SO-2026-0118,Wonka Brands,Americas,Direct,43878.63,Receive Payment,2026-02-27T12:42:49Z,Paid,Billing System
SO-2026-0198,Soylent Foods,EMEA,Direct,14368.67,Receive Order,2026-02-27T13:08:19Z,Received,Nadia Rahman
SO-2026-0161,Umbrella Group,EMEA,Web,18704.77,Ship Goods,2026-02-27T13:42:00Z,Fulfilled,Fulfilment Centre
SO-2026-0192,Hooli Inc,EMEA,Web,36077.37,Run Credit Check,2026-02-27T14:28:47Z,Credit Check,Credit Desk
SO-2026-0198,Soylent Foods,EMEA,Direct,34567.12,Run Credit Check,2026-02-27T14:41:19Z,Credit Check,Credit Desk
SO-2026-0199,Soylent Foods,EMEA,Web,12213.67,Receive Order,2026-02-27T14:41:40Z,Received,Nadia Rahman
SO-2026-0172,Wayne Enterprises,APAC,Web,41284.61,Invoice Customer,2026-02-27T15:20:03Z,Invoiced,Billing System
SO-2026-0190,Wayne Enterprises,APAC,Web,46384.81,Run Credit Check,2026-02-27T15:41:18Z,Credit Check,Credit Desk
SO-2026-0191,Initech Ltd,Americas,Direct,28236.93,Run Credit Check,2026-02-27T16:03:29Z,Credit Check,Credit Desk
SO-2026-0200,Wonka Brands,EMEA,Web,14111.45,Receive Order,2026-02-27T16:13:35Z,Received,Tom Becker
SO-2026-0161,Umbrella Group,EMEA,Web,32783.66,Invoice Customer,2026-02-27T16:24:00Z,Invoiced,Billing System
SO-2026-0196,Wonka Brands,APAC,Direct,17885.83,Run Credit Check,2026-02-27T16:26:52Z,Credit Check,Credit Desk
SO-2026-0175,Soylent Foods,Americas,Direct,17564.55,Fulfil Order,2026-02-27T16:58:05Z,Fulfilled,Fulfilment Centre
SO-2026-0200,Wonka Brands,EMEA,Web,37688.05,Run Credit Check,2026-02-27T18:35:35Z,Credit Check,Credit Desk
SO-2026-0194,Vandelay Co,EMEA,Direct,38646.23,Run Credit Check,2026-02-27T18:37:33Z,Credit Check,Credit Desk
SO-2026-0191,Initech Ltd,Americas,Direct,31407.58,Approve Order,2026-02-27T20:14:29Z,Approved,Order Desk
SO-2026-0181,Vandelay Co,Americas,Partner,16602.93,Fulfil Order,2026-02-27T20:24:14Z,Fulfilled,Fulfilment Centre
SO-2026-0197,Stark Traders,APAC,Web,47357.21,Run Credit Check,2026-02-27T20:41:30Z,Credit Check,Credit Desk
SO-2026-0119,Globex Stores,EMEA,Direct,43002.71,Receive Payment,2026-02-27T21:37:09Z,Paid,Billing System
SO-2026-0199,Soylent Foods,EMEA,Web,14913.53,Run Credit Check,2026-02-27T21:38:40Z,Credit Check,Credit Desk
SO-2026-0116,Acme Retail,APAC,Direct,32004.84,Receive Payment,2026-02-27T21:48:18Z,Paid,Billing System
SO-2026-0198,Soylent Foods,EMEA,Direct,23228.47,Approve Order,2026-02-27T22:04:19Z,Approved,Order Desk
SO-2026-0114,Stark Traders,APAC,Web,9212.65,Receive Payment,2026-02-27T22:21:19Z,Paid,Billing System
SO-2026-0182,Hooli Inc,APAC,Partner,6165.03,Fulfil Order,2026-02-27T22:22:55Z,Fulfilled,Fulfilment Centre
SO-2026-0196,Wonka Brands,APAC,Direct,12132.63,Approve Order,2026-02-28T01:27:52Z,Approved,Order Desk
SO-2026-0190,Wayne Enterprises,APAC,Web,5369.19,Approve Order,2026-02-28T02:28:18Z,Approved,Order Desk
SO-2026-0158,Hooli Inc,EMEA,Partner,23628.81,Fulfil Order,2026-02-28T03:03:47Z,Fulfilled,Fulfilment Centre
SO-2026-0192,Hooli Inc,EMEA,Web,29696.51,Approve Order,2026-02-28T03:14:47Z,Approved,Order Desk
SO-2026-0164,Wayne Enterprises,EMEA,Web,21591.36,Fulfil Order,2026-02-28T03:17:58Z,Fulfilled,Fulfilment Centre
SO-2026-0181,Vandelay Co,Americas,Partner,45201.89,Invoice Customer,2026-02-28T03:26:14Z,Invoiced,Billing System
SO-2026-0178,Acme Retail,EMEA,Partner,25232.70,Fulfil Order,2026-02-28T03:57:05Z,Fulfilled,Fulfilment Centre
SO-2026-0126,Initech Ltd,EMEA,Partner,17322.22,Receive Payment,2026-02-28T04:22:46Z,Paid,Billing System
SO-2026-0193,Umbrella Group,APAC,Direct,29037.61,Cancel Order,2026-02-28T04:23:14Z,Cancelled,Nadia Rahman
SO-2026-0194,Vandelay Co,EMEA,Direct,2447.20,Approve Order,2026-02-28T04:53:33Z,Approved,Order Desk
SO-2026-0175,Soylent Foods,Americas,Direct,42334.49,Invoice Customer,2026-02-28T05:42:05Z,Invoiced,Billing System
SO-2026-0183,Soylent Foods,Americas,Web,39605.00,Fulfil Order,2026-02-28T06:20:47Z,Fulfilled,Fulfilment Centre
SO-2026-0164,Wayne Enterprises,EMEA,Web,3060.61,Invoice Customer,2026-02-28T06:36:58Z,Invoiced,Billing System
SO-2026-0186,Vandelay Co,APAC,Partner,17745.12,Ship Goods,2026-02-28T06:49:56Z,Fulfilled,Fulfilment Centre
SO-2026-0115,Initech Ltd,EMEA,Web,12312.25,Receive Payment,2026-02-28T07:39:17Z,Paid,Billing System
SO-2026-0197,Stark Traders,APAC,Web,9089.03,Approve Order,2026-02-28T08:12:30Z,Approved,Order Desk
SO-2026-0163,Umbrella Group,EMEA,Direct,8841.70,Fulfil Order,2026-02-28T09:34:26Z,Fulfilled,Fulfilment Centre
SO-2026-0199,Soylent Foods,EMEA,Web,6896.33,Approve Order,2026-02-28T10:03:40Z,Approved,Order Desk
SO-2026-0184,Umbrella Group,Americas,Web,2594.79,Fulfil Order,2026-02-28T10:14:00Z,Fulfilled,Fulfilment Centre
SO-2026-0134,Stark Traders,APAC,Partner,3110.52,Receive Payment,2026-02-28T11:31:45Z,Paid,Billing System
SO-2026-0150,Vandelay Co,APAC,Partner,26983.36,Receive Payment,2026-02-28T11:55:02Z,Paid,Billing System
SO-2026-0200,Wonka Brands,EMEA,Web,2836.67,Cancel Order,2026-02-28T12:26:35Z,Cancelled,Tom Becker
SO-2026-0184,Umbrella Group,Americas,Web,7815.54,Invoice Customer,2026-02-28T12:30:00Z,Invoiced,Billing System
SO-2026-0182,Hooli Inc,APAC,Partner,38857.70,Invoice Customer,2026-02-28T12:50:55Z,Invoiced,Billing System
SO-2026-0160,Acme Retail,APAC,Partner,20255.83,Receive Payment,2026-02-28T13:52:41Z,Paid,Billing System
SO-2026-0185,Globex Stores,EMEA,Partner,24563.25,Fulfil Order,2026-02-28T15:10:57Z,Fulfilled,Fulfilment Centre
SO-2026-0195,Globex Stores,Americas,Partner,32608.49,Ship Goods,2026-02-28T15:34:35Z,Fulfilled,Fulfilment Centre
SO-2026-0186,Vandelay Co,APAC,Partner,44715.05,Invoice Customer,2026-02-28T15:42:56Z,Invoiced,Billing System
SO-2026-0178,Acme Retail,EMEA,Partner,9954.89,Invoice Customer,2026-02-28T17:21:05Z,Invoiced,Billing System
SO-2026-0180,Soylent Foods,EMEA,Partner,16555.69,Ship Goods,2026-02-28T17:22:10Z,Fulfilled,Fulfilment Centre
SO-2026-0190,Wayne Enterprises,APAC,Web,8194.95,Fulfil Order,2026-02-28T18:39:18Z,Fulfilled,Fulfilment Centre
SO-2026-0158,Hooli Inc,EMEA,Partner,2764.61,Invoice Customer,2026-02-28T19:18:47Z,Invoiced,Billing System
SO-2026-0180,Soylent Foods,EMEA,Partner,46924.36,Invoice Customer,2026-02-28T19:39:10Z,Invoiced,Billing System
SO-2026-0152,Soylent Foods,APAC,Partner,8805.15,Receive Payment,2026-02-28T23:16:28Z,Paid,Billing System
SO-2026-0198,Soylent Foods,EMEA,Direct,30895.35,Fulfil Order,2026-02-28T23:24:19Z,Fulfilled,Fulfilment Centre
